lymph_nodes_examined_positive,nottingham_prognostic_index,cellularity,chemotherapy,cohort,er_status_measured_by_ihc,her2_status_measured_by_snp6,hormone_therapy,inferred_menopausal_state,sex,integrative_cluster,age_at_diagnosis,pam50_claudin_low_subtype,three_gene_classifier_subtype,primary_tumor_laterality,radio_therapy,tumor_other_histologic_subtype,cancer_type,cancer_type_detailed,er_status,her2_status,neoplasm_histologic_grade,oncotree_code,pr_status,tumor_size,tumor_stage,mutation_count
0.06060606060606061,0.7925343811394894,0,1,0.75,0,2,0,0,0,1,0.6584982720703738,0,2,1,1,0,0,2,0,0,1.0,2,0,0.14364640883977903,0.4982391001835013,0.07499999999521996
0.030303030303030304,0.7929273084479372,2,1,0.25,0,1,0,0,0,0,0.5249764373232799,0,2,0,1,0,0,2,1,0,1.0,2,0,0.14917127071823205,0.5,0.10000000000000002
0.030303030303030304,0.594302554027505,2,1,0.75,1,0,1,0,0,6,0.606817467797675,1,0,1,1,0,0,2,1,1,0.5,2,1,0.11878453038674032,0.4124148786706102,0.12500000000478007
0.005749517845992624,0.7925343811394894,0,0,0.0,1,0,1,1,0,0,0.30694313540684887,0,3,1,1,0,0,2,1,0,1.0,2,0,0.14364640883977903,0.5,0.0
0.0,0.3948919449901769,0,0,0.5,1,2,0,0,0,4,0.43355325164938746,6,0,1,1,0,0,6,1,0,0.5,0,0,0.07734806629834254,0.25,0.4749999999760998
0.030303030303030304,0.788212180746562,2,1,0.0,0,0,0,1,0,6,0.20688030160226206,5,3,1,1,0,0,2,0,1,1.0,2,0,0.08287292817679558,0.5,0.0500000000095601
0.0,0.19646365422396858,2,0,0.0,1,2,1,0,0,3,0.8328620797989319,2,1,1,1,0,0,2,1,0,0.0,2,0,0.049723756906077346,0.25,0.07499999999521996
0.0,0.39528487229862486,2,0,0.5,1,2,0,0,0,8,0.38312912346842604,2,1,0,1,0,0,2,1,0,0.5,2,1,0.08287292817679558,0.25,0.07499999999521996
0.0,0.39685658153241654,2,0,0.5,1,2,1,0,0,9,0.7353125981778197,2,1,1,1,0,0,2,1,0,0.5,2,1,0.10497237569060773,0.25,0.0500000000095601
0.030303030303030304,0.7897838899803538,0,0,0.75,1,2,1,0,0,1,0.5287464655984921,3,0,0,1,0,0,2,1,0,1.0,2,0,0.10497237569060773,0.39244522325452436,0.07499999999521996
0.0,0.3929273084479372,1,0,0.0,1,2,1,0,0,8,0.39365378573672644,3,0,0,1,5,0,4,1,0,0.5,4,0,0.049723756906077346,0.25,0.07499999999521996
0.0,0.5960707269155208,2,0,0.5,0,2,1,0,0,1,0.6421614828777882,0,2,1,1,0,0,2,0,0,1.0,2,0,0.14364640883977903,0.5,0.20000000000000004
0.0,0.39803536345776036,0,0,0.0,1,2,1,0,0,8,0.6858309770656612,3,1,1,1,0,0,2,1,0,0.5,2,0,0.12154696132596686,0.5,0.0
0.15151515151515152,0.7897838899803538,2,0,1.0,1,2,1,0,0,8,0.7726987119070059,2,1,1,1,0,0,2,1,0,0.5,2,1,0.10497237569060773,0.3007139847686272,0.12500000000478007
0.0,0.5901768172888017,1,0,0.5,0,2,0,1,0,1,0.19729814640276472,6,2,1,1,0,0,2,0,0,1.0,2,0,0.06077348066298342,0.25,0.15000000000956012
0.030303030303030304,0.5952848722986248,0,1,0.5,0,2,0,1,0,1,0.11875589066918008,0,2,0,1,0,0,2,0,0,0.5,2,0,0.13259668508287292,0.5,0.7499999999521996
0.09090909090909091,0.5933202357563852,2,0,0.75,1,0,1,0,0,7,0.4206723217090796,6,1,0,1,0,0,2,1,0,0.5,2,1,0.10497237569060773,0.33869388172468,0.02500000000478005
0.0,0.3956777996070727,0,0,0.5,1,2,0,0,0,4,0.4586867734841345,3,0,0,1,0,0,2,1,0,0.5,2,0,0.08839779005524862,0.25,0.0500000000095601
0.013367680339528891,0.6011787819253439,1,0,0.5,1,2,1,0,0,9,0.7628023876845744,2,1,1,1,0,0,2,1,0,0.5,2,1,0.2154696132596685,0.5,0.0
0.0,0.5933202357563852,0,0,0.0,1,2,1,0,0,0,0.5458686773484136,3,1,1,1,0,0,2,1,0,1.0,2,0,0.10497237569060773,0.5,0.15000000000956012
0.0,0.39253438113948924,2,0,0.0,1,2,1,0,0,4,0.7009110901665097,6,1,1,1,4,0,5,1,0,0.5,6,0,0.04419889502762431,0.25,0.0500000000095601
0.0,0.20078585461689583,2,0,0.75,1,2,1,0,0,4,0.5950361294376374,2,1,0,1,0,0,2,1,0,0.8066843804316819,2,0,0.11049723756906077,0.39993897608241474,0.07499999999521996
0.0,0.5988212180746562,0,1,0.75,0,2,1,0,0,1,0.5355010995915803,0,1,0,1,0,0,2,0,0,1.0,2,0,0.18232044198895025,0.45026241050432925,0.07499999999521996
0.0,0.5960707269155208,0,1,0.0,0,2,0,0,0,1,0.47266729500471266,0,2,0,1,0,0,2,0,0,1.0,2,0,0.14364640883977903,0.5,0.15000000000956012
0.0,0.5917485265225934,2,1,0.0,0,2,0,0,0,1,0.4542884071630538,6,2,1,0,0,0,2,0,0,1.0,2,0,0.08287292817679558,0.25,0.0500000000095601
0.0,0.39685658153241654,0,0,0.25,1,2,0,1,0,3,0.3044297832233743,3,0,1,0,0,0,2,1,0,0.5,2,1,0.10497237569060773,0.25,0.4500000000478005
0.33333333333333337,0.9921414538310414,2,0,0.75,1,2,1,0,0,4,0.5373861137291864,5,1,0,1,0,0,2,1,0,1.0,2,0,0.18784530386740333,0.5467261469640391,0.07499999999521996
0.0,0.5933202357563852,2,0,0.25,1,0,1,0,0,10,0.5918944392082941,3,3,0,1,0,0,2,1,1,1.0,2,0,0.10497237569060773,0.25,0.12500000000478007
0.0,0.003929273084479379,0,0,0.5,1,2,0,0,0,4,0.5336160854539742,1,1,1,1,0,0,2,1,0,0.5836528069730353,2,1,0.10497237569060773,0.25,0.22499999992829928
0.0,0.3972495088408644,2,0,1.0,1,2,0,0,0,3,0.8518693056864595,5,1,1,0,4,0,5,1,0,0.5,6,0,0.11049723756906077,0.5249080732110701,0.15000000000956012
0.030303030303030304,0.7897838899803538,2,0,0.25,1,2,1,0,0,0,0.5612629594721961,3,0,1,1,0,0,2,1,0,1.0,2,1,0.10497237569060773,0.5,0.20000000000000004
0.0,0.5893909626719057,0,0,0.25,1,0,1,0,0,2,0.6963556393339616,3,0,0,1,0,0,2,1,0,1.0,2,1,0.049723756906077346,0.25,0.0
0.030303030303030304,0.7886836935166994,0,1,0.75,0,2,0,1,0,1,0.23217090794847633,0,2,0,1,0,0,2,0,0,1.0,2,0,0.08950276243093921,0.40279875995869274,0.12500000000478007
0.0,0.3992141453831042,1,0,0.0,1,2,1,0,0,3,0.42726987119070065,5,1,0,1,1,0,3,1,0,0.5,3,0,0.13812154696132595,0.5,0.02500000000478005
0.0,0.1960707269155206,2,0,0.0,1,2,1,0,0,4,0.5711592836946278,6,1,0,1,0,0,2,1,0,0.0,2,0,0.04419889502762431,0.25,0.0500000000095601
0.0,0.593713163064833,0,0,1.0,1,0,0,0,0,0,0.4729814640276469,1,3,0,1,0,0,2,0,1,1.0,2,0,0.11049723756906077,0.44995124257957364,0.34999999995219955
0.0,0.19795677799607073,2,0,0.75,1,2,1,0,0,3,0.5259189443920831,2,1,1,1,0,0,2,1,0,0.0,2,1,0.0707182320441989,0.2893519639283015,0.0500000000095601
0.0,0.40864440078585473,2,0,0.5,1,2,1,0,0,8,0.7777254162739555,2,1,1,1,0,0,2,1,0,0.5,2,0,0.27071823204419887,0.5,0.12500000000478007
0.12121212121212122,0.7858546168958742,2,0,0.25,1,2,1,0,0,4,0.43402450518378893,6,2,0,1,4,0,5,0,0,0.5,6,0,0.049723756906077346,0.75,0.12500000000478007
0.0,0.3948919449901769,2,0,0.5,1,2,1,1,0,3,0.31291234684260133,2,1,0,0,0,0,2,1,0,0.5,2,1,0.07734806629834254,0.2913001520554425,0.34999999995219955
0.06060606060606061,0.8055009823182713,0,1,0.5,0,2,0,0,0,1,0.6189129751806473,1,2,0,1,0,0,2,0,0,1.0,2,0,0.3259668508287293,0.75,0.10000000000000002
0.0,0.3948919449901769,2,0,0.5,0,1,0,1,0,1,0.2778825007854226,0,2,1,1,0,0,2,0,0,0.5,2,0,0.07734806629834254,0.25,0.0500000000095601
0.06060606060606061,0.5964636542239686,0,0,0.75,1,2,1,0,0,0,0.6217404963870563,3,0,0,1,0,0,2,1,0,0.5,2,0,0.14917127071823205,0.5,0.20000000000000004
0.0,0.005500982318271119,0,0,0.25,1,1,0,0,0,9,0.6654099905749293,2,0,1,0,6,0,0,1,0,0.5125596858911745,1,1,0.1270718232044199,0.25,0.15000000000956012
0.0,0.5933202357563852,1,0,0.5,1,0,0,0,0,6,0.7089224002513352,0,3,0,1,0,0,2,1,1,1.0,2,0,0.10497237569060773,0.25,0.0
0.0,0.3988212180746562,0,0,0.5,1,2,0,0,0,3,0.554665409990575,3,0,1,1,0,0,2,1,0,0.5,2,0,0.13259668508287292,0.5,0.37500000007170076
0.030303030303030304,0.5980353634577604,0,0,0.5,1,2,1,0,0,4,0.8682060948790449,2,1,1,1,0,0,2,1,0,0.5,2,1,0.1712707182320442,0.5,0.0500000000095601
0.030303030303030304,0.7921414538310413,2,1,0.0,1,0,1,0,0,6,0.39004084197298144,3,3,1,0,0,0,2,1,1,1.0,2,1,0.13812154696132595,0.5,0.02500000000478005
0.0,0.5913555992141455,2,0,0.5,0,0,1,0,0,1,0.7829092051523721,6,2,1,1,0,0,2,0,0,1.0,2,0,0.07734806629834254,0.25,0.07499999999521996
0.0,0.5933202357563852,1,0,0.5,1,1,1,0,0,7,0.666980835689601,3,0,1,1,0,0,2,1,0,1.0,2,0,0.10497237569060773,0.25,0.15000000000956012
0.0,0.5933202357563852,2,0,0.5,1,2,0,1,0,2,0.2990889098334904,6,2,0,1,0,0,2,0,0,1.0,2,0,0.10497237569060773,0.25,0.0500000000095601
0.0,0.39371316306483306,2,0,0.5,1,2,1,0,0,3,0.7191328934967012,2,1,0,1,0,0,2,1,0,0.5,2,1,0.06077348066298342,0.25,0.12500000000478007
0.007246419914576967,0.587426326129666,1,0,0.5,1,2,0,0,0,10,0.4591580270185361,0,0,0,1,4,0,5,1,0,1.0,6,1,0.022099447513812154,0.25,0.0
0.030303030303030304,0.7891944990176818,1,1,0.75,0,0,0,0,0,3,0.5950361294376374,1,1,1,1,0,0,2,0,0,1.0,2,0,0.09668508287292817,0.3019998865820335,0.17500000001434018
0.0,0.3941060903732809,2,0,0.0,1,2,1,0,0,2,0.6046182846371346,3,1,1,1,1,0,3,1,0,0.5,3,1,0.06629834254143646,0.25,0.0500000000095601
0.0,0.39528487229862486,2,0,0.5,1,0,0,0,0,4,0.6145146088595665,6,2,1,1,0,0,2,0,0,0.5,2,0,0.08287292817679558,0.25,0.15000000000956012
0.0,0.20943025540275048,2,0,0.5,1,2,0,0,0,0,0.590009425070688,3,0,1,1,5,0,4,1,0,0.0,4,0,0.23204419889502764,0.5,0.20000000000000004
0.0,0.3948919449901769,0,0,0.25,1,2,0,1,0,0,0.1996544140747723,2,0,1,1,0,0,2,1,0,0.5,2,1,0.07734806629834254,0.25,0.15000000000956012
0.5151515151515151,0.9862475442043224,2,1,0.5,0,2,1,1,0,1,0.10021991831605409,6,2,0,1,0,0,2,0,0,1.0,2,0,0.10497237569060773,0.5,0.15000000000956012
0.0,0.5933202357563852,0,0,0.5,1,2,0,0,0,1,0.7807100219918317,0,2,1,1,0,0,2,1,0,1.0,2,0,0.10497237569060773,0.25,0.12500000000478007
0.15151515151515152,0.988998035363458,0,0,0.25,1,0,1,0,0,0,0.615771284951304,3,0,0,1,0,0,2,1,0,1.0,2,0,0.14364640883977903,0.75,0.6500000000478005
0.0,0.400785854616896,2,0,0.5,1,2,1,0,0,9,0.8361608545397425,3,0,1,1,0,0,2,1,0,0.5,2,1,0.1602209944751381,0.5,0.10000000000000002
0.0,0.39685658153241654,2,0,0.0,1,2,1,0,0,3,0.5661325793276784,2,1,0,1,1,0,3,1,0,0.5,3,1,0.10497237569060773,0.25,0.0500000000095601
0.0,0.4027504911591355,0,0,0.5,1,2,0,0,0,7,0.6848884699968583,3,0,0,1,0,0,2,1,0,0.5,2,0,0.18784530386740333,0.5,0.10000000000000002
0.0,0.5913555992141455,2,0,0.5,0,0,1,0,0,5,0.6658812441093309,5,2,0,1,0,0,2,1,0,1.0,2,0,0.07734806629834254,0.25,0.17500000001434018
0.18181818181818182,0.9886051080550098,0,0,0.0,1,2,1,0,0,9,0.8383600377002829,3,1,0,1,0,0,2,1,0,1.0,2,1,0.13812154696132595,0.6493756326750904,0.12500000000478007
0.030303030303030304,0.7886051080550098,0,0,0.25,1,2,1,0,0,0,0.666038328620798,3,0,0,1,0,0,2,1,0,1.0,2,0,0.08839779005524862,0.5,0.12500000000478007
0.030303030303030304,0.39371316306483306,2,0,0.0,1,2,1,0,0,4,0.4715677034244425,2,1,1,1,0,0,2,1,0,0.0,2,1,0.06077348066298342,0.5,0.15000000000956012
0.030303030303030304,0.7866404715127703,0,1,0.25,0,0,0,1,0,7,0.3704052780395853,3,3,0,1,0,0,2,1,0,1.0,2,0,0.06077348066298342,0.5,0.15000000000956012
0.030303030303030304,0.7921414538310413,2,1,0.5,0,2,1,0,0,3,0.40245051837888784,6,2,1,1,4,0,5,0,0,1.0,6,0,0.13812154696132595,0.5,0.17500000001434018
0.030303030303030304,0.7905697445972495,0,1,0.75,0,2,0,0,0,1,0.4910461828463714,0,2,1,1,0,0,2,0,0,1.0,2,0,0.11602209944751381,0.4008768528816786,0.4000000000000001
0.0,0.3988212180746562,0,0,0.5,1,2,1,0,0,9,0.6622683003455858,3,0,1,1,0,0,2,1,0,0.5,2,1,0.13259668508287292,0.5,0.20000000000000004
0.0,0.3948919449901769,1,0,0.75,1,2,1,0,0,4,0.6421614828777882,6,1,1,1,0,0,2,1,0,0.5,2,1,0.07734806629834254,0.25,0.10000000000000002
0.0,0.20078585461689583,0,0,0.0,1,1,1,0,0,4,0.6779767514923027,6,1,1,1,1,0,3,1,0,0.0,3,1,0.11049723756906077,0.5,0.02500000000478005
0.0,0.39685658153241654,2,0,0.5,1,1,0,0,0,0,0.6786050895381717,3,0,1,1,0,0,2,1,0,0.5,2,1,0.10497237569060773,0.25,0.15000000000956012
0.0,0.20235756385068762,1,0,0.5,1,2,0,0,0,3,0.4864907320138235,2,1,1,1,0,0,2,1,0,0.0,2,1,0.13259668508287292,0.5,0.10000000000000002
0.0,0.39685658153241654,0,0,0.5,1,2,0,0,0,8,0.6914860194784793,3,1,1,1,4,0,5,1,0,0.5,6,0,0.10497237569060773,0.25,0.07499999999521996
0.0,0.3988212180746562,2,0,0.5,0,2,1,0,0,10,0.9004084197298148,0,2,1,1,0,0,2,0,0,0.5,2,0,0.13259668508287292,0.5,0.15000000000956012
0.0,0.5913555992141455,1,0,0.5,1,1,0,0,0,8,0.5065975494816211,2,0,1,1,0,0,2,1,0,1.0,2,1,0.07734806629834254,0.25,0.3250000000239002
0.0,0.5972495088408645,0,0,0.5,1,1,0,0,0,10,0.7038956958843858,3,0,0,1,0,0,2,1,0,1.0,2,1,0.1602209944751381,0.5,0.07499999999521996
0.0,0.5952848722986248,1,0,0.5,0,1,1,0,0,1,0.682846371347785,0,2,1,1,0,0,2,0,0,1.0,2,0,0.13259668508287292,0.5,0.17500000001434018
0.42424242424242425,0.9893909626719057,0,1,0.5,0,2,0,1,0,10,0.1754633993088282,0,1,1,1,0,0,2,0,0,1.0,2,0,0.14917127071823205,0.5,0.22499999992829928
0.030303030303030304,0.7956777996070729,0,0,0.5,1,2,1,0,0,7,0.6269242852654728,3,0,0,1,0,0,2,1,0,1.0,2,1,0.18784530386740333,0.5,0.15000000000956012
0.0,0.3948919449901769,2,0,0.5,1,2,1,0,0,3,0.4505183788878417,2,1,1,1,4,0,5,1,0,0.5,6,1,0.07734806629834254,0.25,0.22499999992829928
0.0,0.3948919449901769,0,0,0.25,1,2,0,0,0,8,0.526861451460886,3,0,0,1,1,0,3,1,0,0.5,3,1,0.07734806629834254,0.25,0.10000000000000002
0.5454545454545454,0.7948919449901769,2,0,0.0,1,2,1,1,0,9,0.3693056864593151,3,1,0,1,1,0,3,1,0,0.5,3,1,0.17679558011049723,1.0,0.0
0.0,0.19764243614931234,2,0,0.0,1,2,1,0,0,4,0.5684888469996858,6,1,1,1,4,0,5,1,0,0.0,6,0,0.06629834254143646,0.25,0.0500000000095601
0.0,0.3948919449901769,2,0,0.5,1,2,1,0,0,9,0.7536914860194786,2,1,0,1,0,0,2,1,0,0.5,2,1,0.07734806629834254,0.25,0.20000000000000004
0.0,0.39803536345776036,2,0,0.25,1,2,0,1,0,9,0.3045868677348414,2,1,0,1,0,0,2,1,0,0.5,2,1,0.12154696132596686,0.25,0.15000000000956012
0.0,0.19764243614931234,2,0,0.5,1,2,1,0,0,3,0.7943763744894754,2,1,0,0,0,0,2,1,0,0.0,2,1,0.06629834254143646,0.25,0.20000000000000004
0.0,0.5893909626719057,0,0,0.5,1,2,0,1,0,10,0.36522148916116876,2,1,1,1,0,0,2,1,0,1.0,2,1,0.049723756906077346,0.25,0.15000000000956012
0.030303030303030304,0.593713163064833,2,0,0.0,1,2,1,1,0,4,0.31542569902607603,6,2,1,1,0,0,2,0,0,0.5,2,0,0.11049723756906077,0.5,0.0500000000095601
0.18181818181818182,0.5956777996070727,0,0,0.0,1,2,1,0,0,9,0.5901665095821551,3,0,0,1,0,0,2,1,0,0.0,2,1,0.13812154696132595,0.5,0.07499999999521996
0.06619146047399686,0.5913555992141455,0,0,0.5,1,2,1,0,0,7,0.5205780710021992,2,0,1,1,0,0,2,1,0,0.5,2,0,0.07734806629834254,0.2841299718069046,0.0
0.0,0.5925343811394892,2,0,0.5,1,0,0,0,0,6,0.5435124096764059,3,3,0,1,0,0,2,1,0,1.0,2,0,0.09392265193370165,0.25,0.0500000000095601
0.0,0.5897838899803538,0,0,0.25,1,0,1,1,0,4,0.15095821551994976,6,1,1,1,4,0,5,1,1,1.0,6,1,0.055248618784530384,0.25,0.12500000000478007
0.030303030303030304,0.7913555992141454,0,0,0.25,1,2,1,0,0,0,0.4436066603832863,3,0,0,1,0,0,2,1,0,1.0,2,0,0.1270718232044199,0.5,0.20000000000000004
0.0,0.2019646365422397,2,0,0.0,1,2,1,0,0,10,0.4772227458372605,2,1,0,1,0,0,2,1,0,0.0,2,1,0.1270718232044199,0.5,0.10000000000000002
0.0,0.3948919449901769,1,0,0.0,1,0,1,0,0,4,0.7929626138862709,6,2,1,1,5,0,4,1,1,0.5,4,0,0.07734806629834254,0.25,0.15000000000956012
0.0,0.5972495088408645,2,0,0.5,1,2,1,0,0,0,0.5032987747408106,3,0,1,1,4,0,5,1,0,1.0,6,0,0.1602209944751381,0.5,0.17500000001434018
0.0,0.5941060903732809,0,0,1.0,0,2,0,1,0,1,0.08231228400879675,6,2,0,1,2,0,2,0,0,1.0,2,0,0.11602209944751381,0.3443828676124266,0.17500000001434018
0.06060606060606061,0.7893909626719058,2,0,0.75,1,2,1,0,0,7,0.5273327049952876,6,2,1,1,0,0,2,1,0,1.0,2,0,0.09944751381215469,0.2937741894092237,0.07499999999521996
0.030303030303030304,0.7893909626719058,0,0,0.75,1,2,1,0,0,0,0.6473452717562047,0,0,0,1,4,0,5,1,0,1.0,6,1,0.09944751381215469,0.4065298666563072,0.4000000000000001
0.0,0.39685658153241654,0,0,0.25,0,0,0,0,0,6,0.4963870562362552,2,3,0,1,0,0,2,0,1,0.5,2,0,0.10497237569060773,0.25,0.07499999999521996
0.030303030303030304,0.7901768172888016,0,1,0.0,0,2,0,0,0,10,0.5400565504241284,1,0,0,1,0,0,2,0,0,1.0,2,1,0.11049723756906077,0.5,0.0500000000095601
0.0,0.593713163064833,1,0,0.0,0,1,0,0,0,1,0.7194470625196356,6,2,0,1,0,0,2,0,0,1.0,2,0,0.11049723756906077,0.5,0.17500000001434018
0.06060606060606061,0.7897838899803538,2,0,0.5,1,2,1,0,0,0,0.5029846057178764,3,1,1,1,0,0,2,1,0,1.0,2,1,0.10497237569060773,0.5,0.17500000001434018
0.0,0.2011787819253438,1,0,0.25,1,2,0,0,0,3,0.5951932139491047,5,1,1,1,4,0,5,1,0,0.0,6,1,0.11602209944751381,0.25,0.0500000000095601
0.030303030303030304,0.7901768172888016,0,0,0.0,1,2,1,0,0,2,0.7045240339302543,2,0,1,1,0,0,2,1,0,1.0,2,1,0.11049723756906077,0.5,0.12500000000478007
0.2727272727272727,0.9980353634577603,2,0,0.5,1,2,1,0,0,4,0.673578385171222,2,1,1,0,0,0,2,1,0,1.0,2,1,0.27071823204419887,0.5,0.10000000000000002
0.06060606060606061,0.7897838899803538,0,1,1.0,0,2,0,0,0,1,0.5100534087338988,0,2,0,1,2,0,2,0,0,1.0,2,0,0.10497237569060773,0.5,0.12500000000478007
0.0,0.39685658153241654,1,0,0.5,1,2,0,0,0,9,0.6228400879673266,3,0,0,1,1,0,3,1,0,0.5,3,1,0.10497237569060773,0.5403655740408756,0.27499999997609975
0.0,0.5952848722986248,0,0,0.0,0,2,0,0,0,1,0.8586239396795476,0,1,1,1,0,0,2,0,0,1.0,2,0,0.13259668508287292,0.5,0.0500000000095601
0.0,0.19724950884086448,0,0,0.25,0,2,0,0,0,3,0.5884385799560163,2,1,1,0,4,0,5,1,0,0.0,6,1,0.06077348066298342,0.25,0.20000000000000004
0.030303030303030304,0.7941060903732811,2,0,0.0,1,2,1,0,0,10,0.50832547910776,1,0,1,1,0,0,2,1,0,1.0,2,0,0.16574585635359118,0.5,0.02500000000478005
0.0,0.19685658153241645,1,0,0.0,1,2,1,0,0,4,0.7335846685516809,6,1,0,1,0,0,2,1,0,0.0,2,1,0.055248618784530384,0.25,0.02500000000478005
0.09090909090909091,0.8074656188605109,0,1,0.5,0,2,1,0,0,1,0.5758718190386429,0,2,1,1,0,0,2,0,0,1.0,2,0,0.35359116022099446,0.75,0.12500000000478007
0.030303030303030304,0.6051080550098232,0,0,0.5,1,2,1,0,0,0,0.7573044297832232,3,0,0,0,0,0,2,1,0,0.5,2,0,0.27071823204419887,0.5,0.07499999999521996
0.0,0.5941060903732809,2,0,0.5,1,2,1,0,0,9,0.5684888469996858,3,0,0,1,0,0,2,1,0,1.0,2,1,0.11602209944751381,0.5,0.12500000000478007
0.0,0.5917485265225934,1,0,0.25,1,1,1,0,0,1,0.4780081683945963,0,1,0,1,0,0,2,0,0,1.0,2,0,0.08287292817679558,0.25,0.17500000001434018
0.09090909090909091,0.2019646365422397,2,0,0.5,1,2,1,0,0,3,0.7940622054665409,2,1,1,0,0,0,2,1,0,0.6926660031617728,2,1,0.1270718232044199,0.5,0.15000000000956012
0.0,0.3948919449901769,2,0,0.5,1,2,0,0,0,2,0.7472510210493246,3,0,0,1,0,0,2,1,0,0.5,2,1,0.07734806629834254,0.25,0.0500000000095601
0.06060606060606061,0.6051080550098232,1,1,0.0,1,2,1,1,0,9,0.2686145146088596,2,1,0,1,4,0,5,1,0,0.5,6,1,0.27071823204419887,0.75,0.02500000000478005
0.0,0.5933202357563852,0,0,0.5,1,2,1,0,0,0,0.6784480050267043,1,0,0,0,0,0,2,1,0,1.0,2,0,0.10497237569060773,0.25,0.5750000000717007
0.0,0.20039292730844796,0,0,1.0,1,2,0,0,0,9,0.6957273012880931,3,1,0,1,4,0,5,1,0,0.0,6,1,0.10497237569060773,0.25,0.22499999992829928
0.0,0.39685658153241654,0,0,0.0,1,2,1,0,0,3,0.4877474081055608,2,1,1,1,1,0,3,1,0,0.5,3,1,0.10497237569060773,0.25,0.07499999999521996
0.0,0.4,0,0,0.5,1,1,0,0,0,9,0.7712849513038014,2,1,0,1,0,0,2,1,0,0.5,2,1,0.14917127071823205,0.5,0.12500000000478007
0.0,0.3948919449901769,1,0,0.5,1,2,1,0,0,4,0.4555450832547911,2,1,0,1,4,0,5,1,0,0.5,6,1,0.07734806629834254,0.25,0.12500000000478007
0.0,0.400785854616896,2,0,0.5,1,2,0,1,0,9,0.33773169965441413,2,1,0,1,0,0,2,1,0,0.5,2,1,0.1602209944751381,0.5,0.07499999999521996
0.4545454545454546,0.988212180746562,2,0,0.0,1,1,1,1,0,0,0.1306943135406849,3,0,1,0,0,0,2,1,0,1.0,2,0,0.13259668508287292,0.5,0.0500000000095601
0.0,0.3956777996070727,0,0,0.25,1,2,0,0,0,4,0.5018850141376061,2,1,0,1,4,0,5,1,0,0.5,6,1,0.08839779005524862,0.25,0.17500000001434018
0.0,0.5992141453831042,0,0,0.5,0,2,0,0,0,0,0.6204838202953189,0,2,0,1,0,0,2,0,0,1.0,2,0,0.18784530386740333,0.5,0.27499999997609975
0.030303030303030304,0.39371316306483306,0,0,0.0,1,1,1,0,0,3,0.3872133207665724,2,1,0,1,7,0,2,1,0,0.0,2,1,0.06077348066298342,0.5,0.0500000000095601
0.12121212121212122,0.793713163064833,0,0,0.5,1,2,1,0,0,8,0.6740496387056236,2,1,1,1,0,0,2,1,0,0.5,2,1,0.1602209944751381,0.5,0.17500000001434018
0.0,0.5952848722986248,0,0,0.5,1,2,0,0,0,10,0.7158341187558908,3,1,1,1,0,0,2,1,0,1.0,2,1,0.13259668508287292,0.5,0.12500000000478007
0.018315396559842635,0.005893909626719068,0,0,0.0,1,2,0,0,0,1,0.6671379202010681,0,2,0,1,0,0,6,0,0,0.4808902176403034,0,0,0.13259668508287292,0.0,0.0
0.0,0.39960707269155205,0,0,0.5,1,2,1,0,0,4,0.7327992459943451,6,2,1,1,0,0,2,1,0,0.5,2,1,0.14364640883977903,0.5,0.20000000000000004
0.030303030303030304,0.5913555992141455,1,0,0.25,1,2,1,0,0,4,0.48884699968583095,6,2,0,1,7,0,2,1,0,0.5,2,0,0.07734806629834254,0.5,0.0500000000095601
0.0,0.20235756385068762,0,0,0.75,1,2,1,0,0,9,0.7584040213634935,2,0,1,1,0,0,2,1,0,0.0,2,0,0.13259668508287292,0.450520344432517,0.07499999999521996
0.33333333333333337,0.988212180746562,1,1,0.5,0,0,1,0,0,1,0.42931196983977377,0,3,0,1,0,0,2,0,1,1.0,2,1,0.13259668508287292,0.5,0.10000000000000002
0.030303030303030304,0.793713163064833,0,0,0.5,1,3,1,0,0,7,0.4910461828463714,3,0,0,1,0,0,2,1,0,1.0,2,0,0.1602209944751381,0.5,0.10000000000000002
0.0,0.3944990176817289,0,0,0.5,1,2,0,0,0,3,0.40072258875274896,2,1,1,1,0,0,2,1,0,0.5,2,1,0.0718232044198895,0.25,0.2500000000478005
0.030303030303030304,0.5952848722986248,1,1,0.0,1,0,1,0,0,4,0.39428212378259514,6,1,0,1,0,0,2,1,1,0.5,2,1,0.13259668508287292,0.5,0.0
0.18181818181818182,0.7878192534381141,0,0,0.25,1,3,1,1,0,6,0.3418158969525605,5,0,0,1,0,0,2,1,0,0.5,2,0,0.07734806629834254,0.75,0.20000000000000004
0.12121212121212122,0.9862475442043224,2,1,0.5,0,2,0,1,0,1,0.23829720389569592,6,2,0,1,0,0,2,0,0,1.0,2,0,0.10497237569060773,0.5,0.07499999999521996
0.0,0.594499017681729,0,0,0.25,1,0,1,1,0,4,0.27018535972353136,2,0,1,1,0,0,2,1,1,1.0,2,1,0.12154696132596686,0.25,0.10000000000000002
0.0,0.3960707269155207,0,0,0.5,1,2,0,0,0,2,0.8075714734527175,3,0,0,1,0,0,2,1,0,0.5,2,1,0.09392265193370165,0.25,0.12500000000478007
0.0,0.5917485265225934,0,0,0.25,1,0,1,0,0,6,0.5683317624882187,3,3,1,1,0,0,2,1,1,1.0,2,1,0.08287292817679558,0.25,0.07499999999521996
0.0,0.5925343811394892,0,0,0.25,1,2,1,0,0,4,0.5802701853597236,3,0,0,1,0,0,2,1,0,1.0,2,0,0.09392265193370165,0.25,0.27499999997609975
0.030303030303030304,0.39803536345776036,2,0,0.25,1,2,1,0,0,4,0.37715991203267357,6,1,0,1,0,0,2,1,0,0.0,2,0,0.12154696132596686,0.5,0.07499999999521996
0.0,0.3944990176817289,0,0,1.0,1,0,0,0,0,0,0.6630537229029216,1,3,0,0,5,0,4,1,1,0.5,4,0,0.0718232044198895,0.33160016740846665,0.12500000000478007
0.0,0.5913555992141455,0,0,0.5,0,2,0,1,0,1,0.20248193528118125,0,2,1,0,0,0,2,0,0,1.0,2,0,0.07734806629834254,0.25,0.300000000095601
0.06060606060606061,0.7917485265225934,2,0,0.5,1,2,1,0,0,4,0.6388627081369778,2,1,1,1,4,0,5,1,0,1.0,6,1,0.13259668508287292,0.5,0.10000000000000002
0.21212121212121213,0.7889980353634578,0,0,0.5,1,0,1,0,0,2,0.7595036129437638,3,0,1,1,0,0,2,1,0,0.5,2,1,0.09392265193370165,0.5,0.15000000000956012
0.011388602467843938,0.39685658153241654,0,0,0.5,1,0,1,0,0,8,0.6310084825636193,2,1,1,1,0,0,2,1,0,0.5,2,1,0.10497237569060773,0.25,0.0
0.06060606060606061,0.7956777996070729,0,1,0.5,0,2,0,1,0,1,0.2917059377945335,0,2,1,1,0,0,2,0,0,1.0,2,1,0.18784530386740333,0.5,0.10000000000000002
0.06060606060606061,0.5913555992141455,2,0,0.25,1,2,1,0,0,3,0.6792334275840402,2,1,0,1,0,0,2,1,0,0.5,2,1,0.07734806629834254,0.5,0.2500000000478005
0.09090909090909091,0.5933202357563852,0,0,0.5,1,2,1,0,0,8,0.5736726358781026,2,1,1,1,0,0,2,1,0,0.5,2,1,0.10497237569060773,0.395301812493136,0.12500000000478007
0.0,0.600785854616896,1,0,0.0,0,1,0,0,0,1,0.7975180647188187,0,2,1,1,0,0,2,0,0,1.0,2,0,0.2099447513812155,0.5,0.0500000000095601
0.06060606060606061,0.7897838899803538,0,1,0.0,1,2,1,1,0,0,0.2675149230285894,3,0,0,1,0,0,2,1,0,1.0,2,1,0.10497237569060773,0.5,0.0500000000095601
0.06060606060606061,0.7929273084479372,2,0,0.0,1,2,1,0,0,10,0.6847313854853911,1,0,0,1,1,0,3,0,0,1.0,3,0,0.14917127071823205,0.5,0.5499999999521995
0.0,0.39685658153241654,2,0,0.5,1,2,0,0,0,4,0.823751178133836,2,1,0,1,0,0,2,1,0,0.5,2,1,0.10497237569060773,0.25,0.12500000000478007
0.0,0.39371316306483306,1,0,0.0,1,2,1,0,0,4,0.630851398052152,5,1,1,1,0,0,2,1,0,0.5,2,1,0.06077348066298342,0.25,0.0500000000095601
0.12121212121212122,0.9901768172888017,2,0,0.5,1,2,1,0,0,2,0.666980835689601,2,1,1,1,4,0,5,1,0,1.0,6,1,0.1602209944751381,0.5,0.12500000000478007
0.0,0.5956777996070727,0,0,0.75,1,0,1,0,0,10,0.5119384228715049,1,3,0,1,0,0,2,1,1,1.0,2,0,0.13812154696132595,0.5,0.17500000001434018
0.0,0.5933202357563852,0,0,0.0,1,2,1,0,0,0,0.652214891611687,3,0,1,1,0,0,2,1,0,1.0,2,0,0.10497237569060773,0.25,0.0500000000095601
0.0,0.3941060903732809,0,0,0.0,1,2,1,0,0,8,0.6240967640590638,5,1,1,1,0,0,2,1,0,0.5,2,1,0.06629834254143646,0.25,0.07499999999521996
0.030303030303030304,0.5905697445972495,0,1,0.0,1,2,1,0,0,3,0.4044926170279611,5,1,1,1,0,0,2,0,0,0.5,2,0,0.06629834254143646,0.5,0.12500000000478007
0.24242424242424243,0.994106090373281,0,1,0.5,0,2,0,1,0,1,0.209550738297204,0,2,0,1,0,0,2,0,0,1.0,2,0,0.2154696132596685,0.5,0.12500000000478007
0.06060606060606061,0.7909626719056976,0,1,0.75,0,2,1,0,0,1,0.4425070688030161,0,2,0,1,0,0,2,0,0,1.0,2,0,0.12154696132596686,0.4061523481002823,0.20000000000000004
0.0,0.19803536345776032,0,0,1.0,1,2,0,0,0,3,0.6435752434809927,2,1,1,1,0,0,2,1,0,0.0,2,1,0.0718232044198895,0.42115982244932926,0.12500000000478007
0.030303030303030304,0.7917485265225934,0,1,0.5,0,0,0,1,0,1,0.34150172792962624,0,2,1,1,0,0,2,0,1,1.0,2,0,0.13259668508287292,0.5,0.12500000000478007
0.030303030303030304,0.5941060903732809,0,0,0.5,1,2,1,0,0,8,0.5441407477222746,2,0,0,1,0,0,2,1,0,0.5,2,1,0.11602209944751381,0.5,0.07499999999521996
0.0,0.400785854616896,2,0,0.5,1,2,0,1,0,3,0.33961671379202013,2,1,1,1,4,0,5,1,0,0.5,6,1,0.1602209944751381,0.5,0.10000000000000002
0.0,0.594891944990177,1,1,0.0,0,2,0,0,0,5,0.5155513666352498,6,2,0,1,0,0,2,0,0,1.0,2,0,0.1270718232044199,0.5,0.0500000000095601
0.06060606060606061,0.5905697445972495,2,0,0.5,1,2,1,0,0,3,0.4245994344957588,2,1,1,1,0,0,2,1,0,0.5,2,1,0.06629834254143646,0.5,0.17500000001434018
0.24242424242424243,0.9842829076620827,2,0,0.0,1,1,1,0,0,10,0.6357210179076342,2,1,1,1,0,0,2,1,0,1.0,2,1,0.07734806629834254,0.75,0.12500000000478007
0.0,0.3988212180746562,2,1,0.0,1,0,1,0,0,9,0.4908890983349042,2,0,1,1,0,0,2,1,0,0.5,2,0,0.13259668508287292,0.5,0.02500000000478005
0.06060606060606061,0.788212180746562,0,0,0.5,1,2,1,0,0,9,0.5945648759032358,3,1,1,1,0,0,2,1,0,1.0,2,1,0.08287292817679558,0.5,0.17500000001434018
0.5151515151515151,0.7976424361493125,0,1,0.75,0,0,1,0,0,6,0.38579956016336797,1,3,0,1,0,0,2,0,1,0.5,2,0,0.2154696132596685,0.552690198750404,0.10000000000000002
0.030303030303030304,0.5901768172888017,0,0,0.25,1,2,1,0,0,10,0.5307885642475652,3,0,0,1,0,0,2,1,0,0.5,2,1,0.06077348066298342,0.5,0.22499999992829928
0.12121212121212122,0.9862475442043224,0,0,0.5,1,0,1,0,0,0,0.7880929940307886,3,0,0,0,4,0,5,1,1,1.0,6,0,0.10497237569060773,0.4481736161501406,0.17500000001434018
0.0,0.5925343811394892,0,0,0.25,0,2,0,0,0,1,0.4610430411561421,0,2,1,1,0,0,2,0,0,1.0,2,0,0.09392265193370165,0.25,0.10000000000000002
0.0,0.39685658153241654,0,0,0.5,1,2,0,0,0,4,0.7948476280238768,2,1,0,1,0,0,2,1,0,0.5,2,0,0.10497237569060773,0.25,0.07499999999521996
0.0,0.5917485265225934,2,0,0.5,1,2,0,0,0,4,0.46025761859880615,1,0,0,1,0,0,2,1,0,1.0,2,1,0.08287292817679558,0.4288113387756884,0.27499999997609975
0.0,0.3948919449901769,1,0,0.0,1,2,0,0,0,3,0.48696198554822495,5,1,1,1,0,0,2,1,0,0.5,2,1,0.07734806629834254,0.25,0.02500000000478005
0.06060606060606061,0.7917485265225934,0,1,0.75,0,2,0,1,0,1,0.2836946277097078,0,2,1,1,0,0,2,0,0,1.0,2,0,0.13259668508287292,0.4381972518379654,0.22499999992829928
0.06060606060606061,0.5968565815324165,2,0,0.0,1,2,1,0,0,3,0.5245051837888786,5,1,1,1,1,0,3,1,0,0.5,3,1,0.15469613259668508,0.5,0.0500000000095601
0.0,0.594499017681729,2,0,0.0,1,0,1,0,0,10,0.44093622368834434,3,0,0,1,0,0,2,1,0,1.0,2,0,0.12154696132596686,0.5,0.07499999999521996
0.030303030303030304,0.5992141453831042,0,0,0.25,1,2,1,0,0,8,0.6800188501413762,2,1,1,1,0,0,2,1,0,0.5,2,0,0.18784530386740333,0.5,0.12500000000478007
0.0,0.5917485265225934,0,0,1.0,1,2,1,1,0,9,0.3616085453974239,3,0,0,1,0,0,2,1,0,1.0,2,1,0.08287292817679558,0.344985509500184,0.07499999999521996
0.0,0.5913555992141455,2,0,0.5,1,0,1,0,0,0,0.6891297518064721,3,0,1,1,0,0,2,1,0,1.0,2,0,0.07734806629834254,0.25,0.12500000000478007
0.18181818181818182,0.9862475442043224,0,0,0.25,1,0,1,0,0,6,0.5838831291234685,3,3,1,1,0,0,2,1,1,1.0,2,1,0.10497237569060773,0.75,0.0500000000095601
0.06060606060606061,0.5952848722986248,0,0,0.5,1,2,1,0,0,8,0.7020106817467797,3,0,0,1,0,0,2,1,0,0.5,2,1,0.13259668508287292,0.5,0.02500000000478005
0.0,0.39685658153241654,0,0,0.25,1,2,1,0,0,8,0.5152371976123153,3,0,0,1,4,0,5,1,0,0.5,6,1,0.10497237569060773,0.25,0.17500000001434018
0.0,0.5858546168958743,1,0,0.5,1,0,0,1,0,9,0.1519007225887528,2,1,1,1,0,0,2,1,0,1.0,2,1,0.0,0.25,0.22499999992829928
0.0,0.39685658153241654,2,0,0.5,1,2,0,1,0,9,0.35595350298460576,2,1,0,1,0,0,2,1,0,0.5,2,1,0.10497237569060773,0.25,0.10000000000000002
0.0,0.3948919449901769,2,0,0.5,1,2,0,1,0,9,0.2580898523405592,5,1,0,1,0,0,2,1,0,0.5,2,1,0.07734806629834254,0.25,0.2500000000478005
0.0,0.5933202357563852,0,0,0.0,1,0,1,0,0,7,0.6696512723845429,3,0,0,1,0,0,2,1,0,1.0,2,1,0.10497237569060773,0.5,0.22499999992829928
0.018362940727557273,0.3960707269155207,2,0,0.5,0,2,0,0,0,9,0.5984919886899152,1,2,0,1,0,0,6,1,0,0.5,0,0,0.09392265193370165,0.25,0.0
0.33333333333333337,0.9905697445972497,0,1,0.0,1,2,1,0,0,10,0.6317939051209551,3,0,0,1,0,0,2,1,0,1.0,2,0,0.16574585635359118,0.5,0.02500000000478005
0.0,0.3956777996070727,0,0,0.5,1,0,1,0,0,10,0.4835061262959473,3,0,1,1,0,0,2,1,0,0.5,2,1,0.08839779005524862,0.25,0.10000000000000002
0.0,0.5921414538310413,1,0,0.5,1,0,0,0,0,10,0.5735155513666352,2,1,0,1,0,0,2,1,0,1.0,2,1,0.08839779005524862,0.25,0.22499999992829928
1.0,0.793713163064833,2,1,0.75,1,1,1,0,0,7,0.4407791391768772,3,0,0,1,1,0,3,1,0,0.5,3,0,0.1602209944751381,0.6601148715700337,0.2500000000478005
0.0,0.39528487229862486,0,0,0.25,1,0,0,0,0,0,0.626138862708137,3,1,1,1,0,0,2,1,0,0.5,2,1,0.08287292817679558,0.25,0.20000000000000004
0.0,0.6015717092337918,0,0,0.5,1,0,1,0,0,0,0.5450832547910778,3,0,0,1,0,0,2,1,0,1.0,2,1,0.22099447513812154,0.5,0.07499999999521996
0.09090909090909091,0.7941060903732811,0,0,0.75,1,0,1,0,0,10,0.7213320766572415,3,1,0,1,0,0,2,1,0,1.0,2,0,0.16574585635359118,0.5,0.12500000000478007
0.09090909090909091,0.5917485265225934,0,0,0.5,1,2,1,0,0,3,0.555607917059378,2,1,0,1,0,0,2,1,0,0.5,2,0,0.08287292817679558,0.3484871468629937,0.12500000000478007
0.0,0.39371316306483306,0,0,0.5,1,2,0,0,0,8,0.48005026704366954,2,1,1,1,4,0,5,1,0,0.5,6,1,0.06077348066298342,0.25,0.12500000000478007
0.030303030303030304,0.5909626719056974,0,0,0.0,1,2,1,0,0,8,0.49010367577756847,2,1,0,1,4,0,5,1,0,0.5,6,1,0.0718232044198895,0.5,0.12500000000478007
0.0,0.39646365422396856,0,0,0.25,1,2,0,0,0,8,0.6160854539742382,2,1,0,0,0,0,2,1,0,0.5,2,1,0.09944751381215469,0.25,0.07499999999521996
0.0,0.594499017681729,0,0,1.0,1,2,1,0,0,7,0.7535344015080112,3,1,0,1,0,0,2,1,0,1.0,2,1,0.12154696132596686,0.5,0.12500000000478007
0.0,0.3960707269155207,2,0,0.0,1,1,1,0,0,1,0.47879359095193225,3,0,0,1,0,0,2,1,0,0.5,2,1,0.09392265193370165,0.25,0.10000000000000002
0.0,0.1960707269155206,1,0,0.0,1,2,1,0,0,9,0.7480364436066604,3,1,1,0,4,0,5,1,0,0.0,6,1,0.04419889502762431,0.5,0.07499999999521996
0.12121212121212122,0.9783889980353635,0,0,0.5,1,0,1,0,0,6,0.6079170593779455,3,0,1,1,0,0,2,1,1,1.0,2,1,0.2541372541965,0.5536051308286439,0.15000000000956012
0.030303030303030304,0.7889980353634578,2,1,0.75,0,0,0,1,0,1,0.3352183474709394,6,2,1,1,0,0,2,0,0,1.0,2,0,0.09392265193370165,0.3551014339785166,0.2500000000478005
0.0,0.5909626719056974,0,0,0.5,1,2,0,0,0,3,0.7092365692742697,2,1,1,1,0,0,2,1,0,1.0,2,1,0.0718232044198895,0.25,0.15000000000956012
0.0,0.39685658153241654,2,0,0.5,1,2,1,1,0,8,0.3289349670122526,2,1,1,1,1,0,3,1,0,0.5,3,1,0.10497237569060773,0.25,0.17500000001434018
0.15151515151515152,0.9866404715127701,2,0,0.0,1,2,1,0,0,2,0.66148287778825,3,0,1,1,0,0,2,1,0,1.0,2,1,0.11049723756906077,0.5,0.12500000000478007
0.030303030303030304,0.5917485265225934,0,0,0.0,1,2,1,0,0,8,0.551837888784166,3,0,0,1,0,0,2,1,0,0.5,2,1,0.08287292817679558,0.5,0.07499999999521996
0.0,0.5933202357563852,0,1,0.0,1,0,1,1,0,0,0.18834432924913608,3,0,1,1,0,0,2,1,1,1.0,2,1,0.10497237569060773,0.25,0.0500000000095601
0.0,0.1960707269155206,0,0,0.25,0,1,0,1,0,8,0.28997800816839464,2,1,0,1,7,0,2,1,0,0.0,2,1,0.04419889502762431,0.25,0.10000000000000002
0.030303030303030304,0.5972495088408645,2,0,0.0,1,2,1,1,0,3,0.333961671379202,2,1,1,1,1,0,3,1,0,0.5,3,1,0.1602209944751381,0.5,0.02500000000478005
0.0,0.3948919449901769,0,0,0.5,1,2,1,0,0,4,0.7042098649073201,2,1,1,1,0,0,2,1,0,0.5,2,1,0.07734806629834254,0.38748665778292524,0.12500000000478007
0.06060606060606061,0.5925343811394892,0,0,0.75,1,2,1,0,0,10,0.6936852026390197,3,0,0,1,4,0,5,1,0,0.5,6,1,0.09392265193370165,0.25,0.0500000000095601
0.12121212121212122,0.9854616895874264,2,1,0.5,0,2,1,0,0,5,0.4698397737983036,6,2,0,1,0,0,2,0,0,1.0,2,0,0.09392265193370165,0.5,0.15000000000956012
0.0,0.5905697445972495,0,1,0.0,0,0,0,0,0,6,0.5025133521834748,1,3,0,0,0,0,2,0,1,1.0,2,0,0.06629834254143646,0.25,0.07499999999521996
0.06060606060606061,0.3944990176817289,2,0,0.25,1,2,1,0,0,3,0.4267986176562992,2,1,1,1,7,0,2,1,0,0.0,2,1,0.0718232044198895,0.5,0.15000000000956012
0.030303030303030304,0.39685658153241654,1,0,0.0,1,2,1,0,0,9,0.5003141690229345,2,1,1,1,0,0,2,1,0,0.0,2,1,0.10497237569060773,0.5,0.10000000000000002
0.0,0.39371316306483306,2,0,0.25,1,2,0,1,0,0,0.2467797675149231,6,1,1,1,0,0,2,1,0,0.5,2,0,0.06077348066298342,0.25,0.07499999999521996
0.030303030303030304,0.7905697445972495,2,0,0.25,1,2,1,0,0,9,0.5768143261074459,2,0,1,1,1,0,3,1,0,1.0,3,1,0.11602209944751381,0.25,0.22499999992829928
0.0,0.3956777996070727,2,0,0.5,1,2,1,1,0,0,0.27395538799874336,5,1,1,1,0,0,2,1,0,0.5,2,0,0.08839779005524862,0.25,0.0500000000095601
0.030303030303030304,0.5889980353634577,0,0,0.25,1,2,0,0,0,3,0.47895067546339937,1,2,0,1,0,0,2,0,0,0.5,2,0,0.04419889502762431,0.25,0.20000000000000004
0.0,0.5925343811394892,2,0,0.75,1,2,0,1,0,3,0.01885014137606028,1,0,0,1,1,0,3,1,0,1.0,3,1,0.09392265193370165,0.34823826473577,0.5499999999521995
0.004860460626091627,0.5913555992141455,1,0,0.5,0,0,0,0,0,5,0.5080113100848258,6,2,0,1,0,0,2,0,0,1.0,2,0,0.07734806629834254,0.25,0.0
0.0,0.5913555992141455,1,0,0.5,0,0,0,0,0,5,0.4195727301288093,0,1,1,1,0,0,6,0,1,1.0,0,0,0.07734806629834254,0.25,0.12500000000478007
0.0,0.5952848722986248,0,0,0.5,0,1,1,0,0,0,0.4677976751492304,0,1,0,1,0,0,2,0,0,1.0,2,0,0.13259668508287292,0.5,0.17500000001434018
0.06060606060606061,0.19960707269155206,2,0,0.5,1,2,1,0,0,4,0.6160854539742382,2,1,0,1,0,0,2,1,0,0.7490054548781244,2,1,0.09392265193370165,0.5,0.07499999999521996
0.0,0.3948919449901769,0,0,1.0,1,2,0,0,0,8,0.5568645931511154,2,1,0,1,6,0,0,1,0,0.5,1,1,0.07734806629834254,0.25,0.10000000000000002
0.0,0.594499017681729,2,0,0.0,1,2,0,0,0,4,0.5743009739239713,6,2,0,0,0,0,2,1,0,1.0,2,0,0.12154696132596686,0.5,0.02500000000478005
0.030303030303030304,0.793713163064833,2,1,0.5,0,0,0,1,0,6,0.27819666980835694,1,3,1,1,0,0,2,0,1,1.0,2,0,0.1602209944751381,0.5,0.10000000000000002
0.0,0.39646365422396856,0,0,0.0,1,2,1,1,0,8,0.30065975494816216,2,1,1,1,4,0,5,1,0,0.5,6,1,0.09944751381215469,0.25,0.12500000000478007
0.0,0.3960707269155207,2,0,0.0,1,2,1,0,0,9,0.3909833490417845,3,1,0,0,0,0,2,1,0,0.5,2,1,0.09392265193370165,0.25,0.12500000000478007
0.030303030303030304,0.7917485265225934,0,0,0.25,1,2,1,0,0,3,0.6676091737354697,2,0,0,1,0,0,2,1,0,1.0,2,1,0.13259668508287292,0.5,0.17500000001434018
0.030303030303030304,0.5913555992141455,0,0,0.5,1,2,1,0,0,9,0.680804272698712,3,0,0,1,4,0,5,1,0,0.5,6,1,0.07734806629834254,0.5,0.15000000000956012
0.030303030303030304,0.5921414538310413,2,0,0.25,1,2,1,0,0,3,0.38579956016336797,2,1,1,1,0,0,2,1,0,0.5,2,1,0.08839779005524862,0.5,0.10000000000000002
0.030303030303030304,0.39253438113948924,2,0,0.0,1,1,1,1,0,4,0.3262645303173108,2,1,0,0,7,0,2,1,0,0.0,2,1,0.04419889502762431,0.5,0.10000000000000002
0.0,0.5911591355599215,0,0,0.75,1,2,0,1,0,4,0.3028589381087025,2,0,0,1,0,0,2,1,0,1.0,2,1,0.07458563535911601,0.353574553125711,0.15000000000956012
0.4545454545454546,0.9874263261296661,2,1,0.0,1,2,1,0,0,10,0.4729814640276469,3,0,0,1,0,0,2,1,0,1.0,2,0,0.12154696132596686,0.5,0.12500000000478007
0.06060606060606061,0.7929273084479372,0,0,0.75,1,2,1,0,0,9,0.6943135406848886,3,0,0,1,0,0,2,1,0,1.0,2,1,0.14917127071823205,0.5521900913889322,0.07499999999521996
0.0,0.0,1,0,0.5,1,0,0,1,0,7,0.25887527489789514,2,0,0,1,0,0,2,1,1,0.6354258792843492,2,1,0.049723756906077346,0.25,0.3250000000239002
0.06060606060606061,0.7913555992141454,0,0,0.0,1,0,1,0,0,6,0.5804272698711908,3,3,0,1,0,0,2,1,1,1.0,2,1,0.1270718232044199,0.5,0.0500000000095601
0.0,0.5913555992141455,0,0,0.0,0,2,0,0,0,2,0.7197612315425701,3,0,0,0,0,0,2,1,0,1.0,2,1,0.07734806629834254,0.34515122831803435,0.17500000001434018
0.01260657407173393,0.3948919449901769,0,0,0.5,1,2,1,0,0,4,0.6060320452403394,2,1,0,1,0,0,2,0,0,0.5,2,0,0.07734806629834254,0.25,0.0
0.0,0.594499017681729,0,1,0.0,1,2,1,1,0,1,0.299560163367892,3,0,1,1,0,0,2,1,0,1.0,2,1,0.12154696132596686,0.5,0.12500000000478007
0.0,0.5905697445972495,0,0,0.25,0,2,1,0,0,1,0.5018850141376061,0,2,1,1,0,0,2,0,0,1.0,2,0,0.06629834254143646,0.25,0.22499999992829928
0.0,0.3960707269155207,2,0,0.0,1,0,1,0,0,3,0.6718504555450833,3,1,1,0,0,0,2,1,0,0.5,2,1,0.09392265193370165,0.25,0.0
0.0,0.6039292730844795,2,0,0.0,1,2,1,0,0,8,0.7387684574300974,3,0,0,0,0,0,2,1,0,1.0,2,1,0.2541436464088398,0.5,0.02500000000478005
0.030303030303030304,0.6051080550098232,0,0,0.5,1,2,1,0,0,1,0.8459000942507069,3,0,0,0,0,0,2,1,0,0.5,2,1,0.27071823204419887,0.75,0.17500000001434018
0.09090909090909091,0.7996070726915521,0,1,0.5,0,2,0,1,0,1,0.0056550424128180565,0,2,0,1,0,0,2,0,0,1.0,2,0,0.2430939226519337,0.5,0.07499999999521996
0.0,0.0,1,0,0.75,1,2,0,0,0,3,0.569431354068489,2,1,1,1,0,0,2,1,0,0.37693502781122346,2,1,0.049723756906077346,0.25,0.12500000000478007
0.0,0.593713163064833,2,0,0.5,0,0,0,0,0,5,0.6407477222745839,1,3,0,1,0,0,2,0,1,1.0,2,0,0.11049723756906077,0.5,0.2500000000478005
0.0,0.5952848722986248,0,0,0.5,1,2,0,1,0,9,0.333961671379202,2,1,0,1,0,0,2,1,0,1.0,2,1,0.13259668508287292,0.5,0.20000000000000004
0.0,0.39685658153241654,0,0,0.5,1,2,1,0,0,9,0.6990260760289035,2,1,1,1,0,0,2,1,0,0.5,2,1,0.10497237569060773,0.34757469078779285,0.12500000000478007
0.030303030303030304,0.7870333988212181,0,1,0.25,0,0,0,1,0,6,0.18111844172164632,1,3,0,1,0,0,2,0,1,1.0,2,0,0.06629834254143646,0.5,0.0500000000095601
0.0,0.39685658153241654,0,0,0.75,1,2,1,0,0,4,0.5058121269242855,2,1,0,1,0,0,2,1,0,0.5,2,0,0.10497237569060773,0.25,0.37500000007170076
0.0,0.19685658153241645,0,0,0.0,1,2,1,0,0,4,0.5058121269242855,2,1,1,1,7,0,2,1,0,0.0,2,1,0.055248618784530384,0.25,0.07499999999521996
0.030303030303030304,0.7901768172888016,0,0,0.75,1,0,1,0,0,0,0.576971410618913,3,0,0,1,0,0,2,1,0,1.0,2,0,0.11049723756906077,0.3564480281882457,0.15000000000956012
0.0,0.5917485265225934,0,1,0.0,0,2,0,1,0,1,0.134464341815897,6,2,0,1,0,0,2,0,0,1.0,2,0,0.08287292817679558,0.25,0.07499999999521996
0.0,0.5952848722986248,0,0,0.5,1,2,1,0,0,3,0.69478479421929,2,0,0,1,1,0,3,1,0,1.0,3,0,0.13259668508287292,0.5,0.12500000000478007
0.0,0.3948919449901769,2,0,0.5,1,2,0,1,0,9,0.26830034558592525,2,1,1,1,4,0,5,1,0,0.5,6,1,0.07734806629834254,0.25,0.27499999997609975
0.0,0.5925343811394892,0,0,0.25,1,2,1,0,0,2,0.5771284951303803,3,0,1,1,0,0,2,1,0,1.0,2,1,0.09392265193370165,0.25,0.07499999999521996
0.06060606060606061,0.7917485265225934,0,1,1.0,0,2,0,1,0,1,0.10556079170593774,6,2,0,1,2,0,2,0,0,1.0,2,0,0.13259668508287292,0.4005420245986586,0.300000000095601
0.0,0.39371316306483306,2,0,0.0,1,2,1,0,0,4,0.5794847628023878,2,1,1,1,0,0,2,1,0,0.5,2,1,0.06077348066298342,0.25,0.0500000000095601
0.030303030303030304,0.5913555992141455,2,0,0.0,1,2,1,0,0,4,0.6344643418158971,2,1,0,1,0,0,2,1,0,0.5,2,1,0.07734806629834254,0.5,0.10000000000000002
0.0,0.3941060903732809,2,0,0.25,1,2,0,0,0,2,0.545397423814012,2,1,1,1,0,0,2,1,0,0.5,2,0,0.06629834254143646,0.25,0.10000000000000002
0.0,0.3948919449901769,0,0,0.5,1,0,1,0,0,4,0.48444863336475036,2,1,1,1,0,0,2,1,0,0.5,2,0,0.07734806629834254,0.25,0.20000000000000004
0.0,0.5929273084479373,0,1,0.0,0,2,0,0,0,1,0.4376374489475338,0,2,0,1,0,0,2,0,0,1.0,2,0,0.09944751381215469,0.25,0.0500000000095601
0.0,0.5933202357563852,2,0,0.5,1,2,0,0,0,0,0.6897580898523406,1,1,1,1,0,0,2,0,0,1.0,2,0,0.10497237569060773,0.25,0.22499999992829928
0.030303030303030304,0.4204322200392928,2,1,0.0,1,2,1,0,0,9,0.510995915802702,2,1,0,1,4,0,5,1,0,0.0,6,0,0.43646408839779005,0.5,0.07499999999521996
0.030303030303030304,0.7893909626719058,0,0,0.0,1,2,1,0,0,3,0.49010367577756847,2,1,1,1,4,0,5,1,0,1.0,6,1,0.09944751381215469,0.5,0.02500000000478005
0.0,0.5968565815324165,0,1,0.0,0,2,1,0,0,1,0.5100534087338988,0,2,1,1,0,0,2,0,0,1.0,2,0,0.15469613259668508,0.5,0.0500000000095601
0.06060606060606061,0.5933202357563852,0,0,0.25,1,2,1,0,0,10,0.5337731699654416,2,0,1,1,0,0,2,1,0,0.5,2,1,0.10497237569060773,0.5,0.12500000000478007
0.0,0.3929273084479372,2,0,0.5,1,2,0,0,0,8,0.5854539742381402,2,1,0,1,0,0,2,1,0,0.5,2,1,0.049723756906077346,0.40445360643796235,0.12500000000478007
0.0,0.5917485265225934,0,0,0.5,0,2,0,0,0,5,0.5904806786050896,6,2,1,1,0,0,2,0,0,1.0,2,0,0.08287292817679558,0.25,0.20000000000000004
0.0,0.5917485265225934,0,0,0.25,1,2,1,0,0,8,0.4985862393967955,2,1,0,1,0,0,2,1,0,1.0,2,1,0.08287292817679558,0.25,0.10000000000000002
0.0,0.39803536345776036,2,0,0.75,1,0,1,0,0,7,0.780081683945963,1,0,0,1,0,0,2,1,1,0.5,2,0,0.12154696132596686,0.5,0.20000000000000004
0.0,0.5921414538310413,0,0,0.25,0,2,0,0,0,1,0.6633678919258561,6,2,0,0,2,0,2,0,0,1.0,2,0,0.08839779005524862,0.25,0.10000000000000002
0.030303030303030304,0.7917485265225934,0,1,0.5,0,2,1,0,0,1,0.45664467483506127,0,1,1,1,0,0,2,0,0,1.0,2,0,0.13259668508287292,0.4424691204923681,0.4249999999282993
0.030303030303030304,0.7823182711198429,2,1,0.5,0,0,0,0,0,5,0.3779453345900095,1,1,0,1,2,0,2,0,1,1.0,2,0,0.0,0.5,0.0500000000095601
0.0,0.5925343811394892,2,0,0.25,1,2,1,1,0,3,0.215205780710022,2,1,0,1,0,0,2,1,0,1.0,2,1,0.09392265193370165,0.25,0.15000000000956012
0.06060606060606061,0.5952848722986248,0,0,0.5,1,0,1,0,0,0,0.6365064404649701,3,0,1,1,0,0,2,1,0,0.5,2,1,0.13259668508287292,0.5,0.12500000000478007
0.0,0.5905697445972495,2,0,0.0,0,2,0,0,0,5,0.97282437951618,1,2,0,1,0,0,2,0,0,1.0,2,0,0.06629834254143646,0.25,0.0500000000095601
0.0,0.3960707269155207,0,0,0.25,1,2,0,1,0,9,0.3424442349984292,2,1,1,1,4,0,5,1,0,0.5,6,1,0.09392265193370165,0.25,0.12500000000478007
0.015132673110735134,0.5909626719056974,2,0,0.0,1,2,1,0,0,4,0.787621740496387,6,2,1,0,0,0,2,0,0,1.0,2,0,0.0718232044198895,0.25,0.0
0.0,0.5897838899803538,1,0,0.0,1,2,1,1,0,3,0.23751178133835998,0,0,1,1,0,0,2,1,0,1.0,2,1,0.055248618784530384,0.25,0.0500000000095601
0.0,0.3976424361493124,0,0,0.0,1,2,1,0,0,4,0.8652214891611687,6,1,0,1,1,0,3,1,0,0.5,3,1,0.11602209944751381,0.5,0.0
0.0,0.593713163064833,0,0,0.0,1,2,1,0,0,0,0.7582469368520264,3,1,0,1,0,0,2,1,0,1.0,2,1,0.11049723756906077,0.5,0.07499999999521996
0.09090909090909091,0.7921414538310413,2,0,0.25,1,2,1,0,0,10,0.4783223374175308,3,0,0,1,0,0,2,1,0,1.0,2,1,0.13812154696132595,0.5,0.4000000000000001
0.0,0.39685658153241654,0,0,0.5,1,2,0,0,0,9,0.7086082312284008,2,1,0,1,0,0,2,1,0,0.5,2,1,0.10497237569060773,0.25,0.12500000000478007
0.0,0.594499017681729,0,0,1.0,0,2,1,0,0,10,0.6616399622997173,3,0,1,0,0,0,2,1,0,1.0,2,1,0.12154696132596686,0.4519034116837429,0.17500000001434018
0.0,0.3988212180746562,0,0,0.5,1,2,0,1,0,3,0.28510838831291235,5,1,1,1,1,0,3,1,0,0.5,3,1,0.13259668508287292,0.5,0.12500000000478007
0.0,0.5941060903732809,0,0,0.75,1,2,1,0,0,9,0.6566132579327677,3,0,0,1,0,0,2,1,0,1.0,2,1,0.11602209944751381,0.2881051494830671,0.07499999999521996
0.0,0.3988212180746562,1,0,0.5,1,0,1,0,0,6,0.5766572415959788,3,3,1,1,1,0,3,1,1,0.5,3,1,0.13259668508287292,0.5,0.15000000000956012
0.0,0.3944990176817289,0,0,0.75,1,2,1,1,0,0,0.15567075086396492,1,0,1,1,0,0,2,1,0,0.5,2,0,0.0718232044198895,0.3319375888598115,0.12500000000478007
0.0,0.5925343811394892,2,0,0.0,1,2,1,0,0,3,0.5081683945962929,2,1,1,1,0,0,2,1,0,1.0,2,1,0.09392265193370165,0.25,0.02500000000478005
0.0,0.39685658153241654,0,0,0.5,1,2,0,0,0,2,0.47141061891297514,3,0,1,1,0,0,2,1,0,0.5,2,1,0.10497237569060773,0.25,0.20000000000000004
0.01525008505141947,0.1925343811394892,2,0,0.0,1,2,1,0,0,5,0.40606346214263284,6,2,1,0,0,0,6,0,0,0.8302203506832304,0,0,0.10876796557675165,0.3797028356574787,0.0
0.0,0.6011787819253439,1,0,0.5,1,1,1,0,0,3,0.8286207979893183,2,1,0,0,0,0,2,1,0,1.0,2,1,0.2154696132596685,0.5,0.20000000000000004
0.0,0.20039292730844796,0,0,0.75,0,2,1,0,0,0,0.4604147031102734,1,0,0,1,4,0,5,1,0,0.0,6,1,0.10497237569060773,0.33688983153186336,0.2500000000478005
0.09679037191641746,0.1925343811394892,0,0,0.0,1,2,0,0,0,5,0.512095507382972,6,2,0,0,0,0,1,0,0,0.6684076350305161,7,0,0.12956176222810795,0.25,0.0
0.18181818181818182,0.9823182711198428,0,0,1.0,1,2,1,0,0,8,0.5810556079170595,2,1,0,1,6,0,0,1,0,1.0,1,1,0.049723756906077346,0.2975916554122924,0.3250000000239002
0.0,0.5988212180746562,0,0,0.75,0,0,1,0,0,6,0.5501099591580272,1,3,0,1,0,0,2,0,1,1.0,2,0,0.18232044198895025,0.5,0.02500000000478005
0.0,0.5925343811394892,0,1,0.0,0,2,0,0,0,1,0.3774740810556079,0,1,0,1,0,0,2,0,0,1.0,2,0,0.09392265193370165,0.25,0.07499999999521996
0.24242424242424243,0.9909626719056976,2,0,1.0,0,2,0,1,0,1,0.19195727301288096,0,2,0,0,0,0,2,0,0,1.0,2,0,0.1712707182320442,0.5513052852041627,0.15000000000956012
0.0,0.3933202357563851,1,0,0.5,1,2,0,1,0,4,0.320923656927427,5,1,1,1,0,0,2,1,0,0.5,2,1,0.055248618784530384,0.25,0.07499999999521996
0.30303030303030304,0.7917485265225934,0,0,0.5,1,2,1,0,0,9,0.9359095193213949,2,1,1,0,0,0,2,1,0,0.5,2,1,0.13259668508287292,0.5,0.02500000000478005
0.0,0.5917485265225934,0,0,0.25,1,2,1,0,0,4,0.5078542255733585,2,1,1,1,4,0,5,1,0,1.0,6,1,0.08287292817679558,0.25,0.12500000000478007
0.030303030303030304,0.594891944990177,2,0,0.5,1,0,1,0,0,6,0.47078228086710655,3,3,1,1,0,0,2,1,1,0.5,2,0,0.1270718232044199,0.5,0.15000000000956012
0.0,0.5933202357563852,0,0,0.75,1,2,1,0,0,3,0.7918630223060006,2,1,0,1,0,0,2,1,0,1.0,2,1,0.10497237569060773,0.2979710397786899,0.17500000001434018
0.0,0.2106090373280943,0,0,0.0,1,2,1,0,0,3,0.8088281495444549,2,1,1,1,4,0,5,1,0,0.0,6,1,0.24861878453038677,0.75,0.0500000000095601
0.0,0.3948919449901769,0,0,0.5,0,2,0,0,0,1,0.6314797360980209,6,2,1,1,0,0,2,0,0,0.5,2,0,0.07734806629834254,0.25,0.17500000001434018
0.0,0.5913555992141455,0,0,0.25,1,0,1,0,0,6,0.5056550424128181,3,3,0,1,0,0,2,1,1,1.0,2,0,0.07734806629834254,0.25,0.12500000000478007
0.0,0.39646365422396856,2,0,0.75,1,2,0,1,0,10,0.2983034872761546,3,0,0,1,0,0,2,1,0,0.5,2,1,0.09944751381215469,0.39036692231512427,0.15000000000956012
0.0,0.007858546168958758,1,0,0.0,1,0,0,0,0,3,0.7101790763430724,2,1,0,0,5,0,4,1,0,0.6843137546636617,4,0,0.1602209944751381,0.5,0.02500000000478005
0.030303030303030304,0.7909626719056976,0,0,0.0,1,2,1,0,0,1,0.4580584354382659,3,0,1,0,0,0,2,1,0,1.0,2,1,0.12154696132596686,0.5,0.07499999999521996
0.0,0.39685658153241654,2,0,0.0,1,2,1,0,0,2,0.473138548539114,2,0,0,1,4,0,5,1,0,0.5,6,1,0.10497237569060773,0.25,0.12500000000478007
0.15151515151515152,0.39371316306483306,1,0,0.5,1,2,1,0,0,7,0.6556707508639648,3,0,0,1,0,0,2,1,0,0.6101533699336603,2,1,0.06077348066298342,0.75,0.15000000000956012
0.0,0.40667976424361496,2,0,0.0,0,2,0,0,0,5,0.887684574300974,5,2,0,1,6,0,0,0,0,0.5,1,0,0.2430939226519337,0.5,0.0500000000095601
0.0,0.5921414538310413,0,0,0.25,1,0,1,0,0,10,0.5430411561420045,3,0,0,1,0,0,2,1,1,1.0,2,0,0.08839779005524862,0.25,0.15000000000956012
0.0,0.39685658153241654,2,0,0.5,1,2,0,0,0,3,0.6770342444234998,2,1,0,1,0,0,2,1,0,0.5,2,1,0.10497237569060773,0.25,0.12500000000478007
0.0,0.39842829076620834,2,0,0.0,1,2,1,1,0,3,0.36522148916116876,6,1,1,1,0,0,2,1,0,0.5,2,1,0.1270718232044199,0.5,0.10000000000000002
0.0,0.3988212180746562,0,0,0.5,1,2,1,0,0,9,0.6255105246622685,2,1,0,1,4,0,5,1,0,0.5,6,1,0.13259668508287292,0.5,0.0500000000095601
0.0,0.19764243614931234,0,0,0.25,1,1,0,0,0,0,0.49921457744266423,2,0,0,0,4,0,5,1,0,0.0,6,1,0.06629834254143646,0.25,0.02500000000478005
0.030303030303030304,0.3933202357563851,0,0,0.25,1,2,1,0,0,8,0.44344957587181916,2,1,1,1,4,0,5,1,0,0.0,6,1,0.055248618784530384,0.5,0.15000000000956012
0.0,0.5941060903732809,1,0,0.5,1,1,1,0,0,2,0.8212378259503614,3,0,0,1,0,0,2,1,0,1.0,2,1,0.11602209944751381,0.5,0.07499999999521996
0.0,0.39803536345776036,2,0,1.0,1,2,0,0,0,4,0.9575871819038642,2,1,1,0,0,0,2,1,0,0.5,2,1,0.12154696132596686,0.4498484677241192,0.10000000000000002
0.0,0.3956777996070727,0,0,0.25,1,2,0,1,0,3,0.22667295004712534,2,1,0,1,0,0,2,1,0,0.5,2,1,0.08839779005524862,0.25,0.300000000095601
0.0,0.3976424361493124,0,0,1.0,1,2,0,0,0,9,0.578699340245052,3,0,1,1,5,0,4,1,0,0.5,4,1,0.11602209944751381,0.5,0.07499999999521996
0.030303030303030304,0.7878192534381141,0,1,0.25,0,2,0,1,0,0,0.209550738297204,0,2,0,1,0,0,2,0,0,1.0,2,0,0.07734806629834254,0.5,0.12500000000478007
0.0,0.400785854616896,0,0,0.5,1,2,0,0,0,3,0.6990260760289035,2,1,0,1,4,0,5,1,0,0.5,6,1,0.1602209944751381,0.5,0.2500000000478005
0.0,0.3913555992141454,2,0,0.5,1,2,0,0,0,10,0.5133521834747095,0,2,1,1,0,0,2,0,0,0.5,2,0,0.027624309392265192,0.25,0.3250000000239002
0.0,0.3948919449901769,0,0,0.25,1,2,0,0,0,3,0.5563933396167138,3,0,0,1,0,0,2,1,0,0.5,2,0,0.07734806629834254,0.25,0.15000000000956012
0.12121212121212122,0.9980353634577603,0,1,0.5,0,2,0,1,0,5,0.11294376374489473,1,2,0,1,0,0,2,0,0,1.0,2,0,0.27071823204419887,0.5,0.37500000007170076
0.09090909090909091,0.19960707269155206,2,0,0.5,1,2,1,0,0,4,0.37260446120012564,6,1,1,1,0,0,2,1,0,0.4993412183690962,2,1,0.09392265193370165,0.3987357479872256,0.0500000000095601
0.0,0.5901768172888017,0,0,0.0,1,2,1,1,0,7,0.0,2,0,1,1,0,0,2,1,0,1.0,2,1,0.06077348066298342,0.25,0.02500000000478005
0.0,0.5913555992141455,2,0,0.5,1,2,0,0,0,8,0.7205466540999059,3,0,1,1,4,0,5,1,0,1.0,6,1,0.07734806629834254,0.25,0.12500000000478007
0.0,0.400785854616896,0,0,1.0,1,0,1,0,0,9,0.4114043355325165,2,1,1,1,0,0,2,1,0,0.5,2,0,0.1602209944751381,0.5460212191989895,0.15000000000956012
0.0,0.19724950884086448,0,0,0.0,1,2,1,0,0,4,0.624410933081998,6,2,0,1,4,0,5,0,0,0.0,6,0,0.06077348066298342,0.25,0.0
0.0,0.5992141453831042,2,0,0.5,0,2,0,1,0,1,0.1921143575243482,0,1,1,1,0,0,2,0,0,1.0,2,0,0.18784530386740333,0.5,0.17500000001434018
0.0,0.3956777996070727,2,0,0.0,1,2,1,0,0,0,0.7874646559849199,2,0,0,1,5,0,4,1,0,0.5,4,1,0.08839779005524862,0.25,0.02500000000478005
0.0,0.5933202357563852,0,0,0.5,0,0,0,0,0,5,0.5353440150801132,1,3,0,1,0,0,2,0,1,1.0,2,0,0.10497237569060773,0.25,0.15000000000956012
0.0,0.5921414538310413,2,0,0.25,1,0,1,0,0,3,0.6193842287150488,6,1,0,1,0,0,2,1,0,1.0,2,1,0.08839779005524862,0.25,0.0500000000095601
0.030303030303030304,0.7917485265225934,1,0,0.5,1,2,1,0,0,4,0.6404335532516494,3,1,1,1,0,0,2,1,0,1.0,2,0,0.13259668508287292,0.5,0.10000000000000002
0.06397007395197513,0.9850687622789784,1,1,0.0,1,0,0,1,0,6,0.22494502042098646,6,3,1,1,0,0,2,0,1,1.0,2,0,0.08839779005524862,0.5,0.0
0.0,0.5933202357563852,2,0,0.5,1,2,1,0,0,0,0.6508011310084827,3,0,0,1,4,0,5,1,0,1.0,6,1,0.10497237569060773,0.25,0.2500000000478005
0.0,0.19685658153241645,2,0,0.5,1,2,0,1,0,3,0.2997172478793591,2,1,0,1,0,0,2,1,0,0.0,2,1,0.055248618784530384,0.25,0.10000000000000002
0.0,0.4278978388998036,0,0,0.5,1,0,1,0,0,9,0.7544769085768144,3,1,1,1,0,0,2,1,0,0.5,2,0,0.5414364640883977,0.75,0.12500000000478007
0.030303030303030304,0.39685658153241654,0,0,0.25,1,2,1,0,0,8,0.6478165252906063,2,1,0,1,4,0,5,1,0,0.0,6,1,0.10497237569060773,0.5,0.20000000000000004
0.0,0.3988212180746562,0,0,0.5,0,0,1,0,0,6,0.6374489475337732,1,3,0,1,1,0,3,0,1,0.5,3,0,0.13259668508287292,0.5,0.17500000001434018
0.0,0.3974459724950885,0,1,0.75,1,2,1,0,0,2,0.5867106503298776,3,0,0,0,0,0,2,1,0,0.5,2,0,0.1132596685082873,0.44699311600547026,0.12500000000478007
0.18181818181818182,0.9901768172888017,0,1,0.75,0,2,1,1,0,1,0.2945334590009426,0,1,0,1,0,0,2,0,0,1.0,2,0,0.1602209944751381,0.6089662955452364,0.300000000095601
0.0,0.19842829076620824,0,0,0.25,1,2,0,1,0,8,0.2145774426641534,2,1,1,0,0,0,2,1,0,0.0,2,1,0.07734806629834254,0.25,0.15000000000956012
0.0,0.5933202357563852,0,0,0.5,1,2,1,0,0,10,0.8180961357210179,2,0,1,1,0,0,2,1,0,1.0,2,1,0.10497237569060773,0.25,0.02500000000478005
0.030303030303030304,0.7964636542239686,0,1,0.25,0,0,0,1,0,1,0.0721017907634307,0,2,0,1,0,0,2,0,0,1.0,2,0,0.19889502762430938,0.5,0.15000000000956012
0.0,0.3948919449901769,2,0,0.5,1,2,0,0,0,2,0.41486019478479436,2,1,1,1,0,0,2,1,0,0.5,2,1,0.07734806629834254,0.25,0.15000000000956012
0.0,0.5933202357563852,0,1,0.0,0,2,0,1,0,1,0.34904178448005024,6,2,1,1,0,0,2,0,0,1.0,2,0,0.10497237569060773,0.25,0.0500000000095601
0.0,0.3948919449901769,1,0,1.0,1,2,0,1,0,3,0.23169965441407475,2,1,1,1,0,0,2,1,0,0.5,2,1,0.07734806629834254,0.25,0.20000000000000004
0.06060606060606061,0.5992141453831042,0,0,0.5,1,2,1,0,0,3,0.6870876531573986,3,0,1,1,0,0,2,1,0,0.5,2,0,0.18784530386740333,0.5,0.5499999999521995
0.06060606060606061,0.7889980353634578,0,0,0.75,1,2,1,0,0,0,0.7076657241595978,3,0,1,1,1,0,3,1,0,1.0,3,0,0.09392265193370165,0.5008383284897933,0.20000000000000004
0.15151515151515152,0.790695481335953,2,0,0.75,1,0,1,0,0,9,0.39428212378259514,3,1,0,1,0,0,6,1,0,0.5,0,1,0.11779005524861878,0.25,0.02500000000478005
0.030303030303030304,0.5952848722986248,0,0,0.5,1,2,1,0,0,9,0.764216148287779,3,0,1,1,0,0,2,1,0,0.5,2,0,0.13259668508287292,0.5,0.15000000000956012
0.0,0.5941060903732809,2,0,0.5,1,3,1,0,0,9,0.7225887527489789,2,0,0,1,0,0,2,1,0,1.0,2,0,0.11602209944751381,0.33966853565704835,0.10000000000000002
0.0,0.19685658153241645,0,0,1.0,1,2,0,0,0,9,0.5739868049010368,2,1,0,1,1,0,3,1,0,0.0,3,1,0.055248618784530384,0.25,0.17500000001434018
0.0,0.3988212180746562,0,0,0.25,1,2,1,1,0,9,0.3686773484134464,3,1,0,1,0,0,2,1,0,0.5,2,1,0.13259668508287292,0.25,0.07499999999521996
0.03673043660281009,0.4043222003929273,1,0,0.0,1,2,1,0,0,4,0.8312912346842602,5,1,0,0,1,0,3,1,0,0.5,3,1,0.2099447513812155,0.5,0.0
0.0,0.40550098231827114,2,0,1.0,1,2,1,0,0,8,0.46952560477536925,3,0,1,1,4,0,5,1,0,0.5,6,1,0.22651933701657456,0.5,0.10000000000000002
0.030303030303030304,0.3944990176817289,0,1,0.0,1,2,1,0,0,4,0.5252906063462144,6,1,0,1,0,0,2,1,0,0.0,2,0,0.0718232044198895,0.5,0.02500000000478005
0.06060606060606061,0.788212180746562,2,1,0.5,0,1,0,1,0,1,0.22604461200125675,0,2,1,1,0,0,2,1,0,1.0,2,0,0.08287292817679558,0.5,0.15000000000956012
0.030303030303030304,0.593713163064833,0,1,0.75,1,1,1,0,0,0,0.5087967326421616,3,1,1,1,0,0,2,1,0,0.5,2,0,0.11049723756906077,0.3381262191902757,0.02500000000478005
0.0,0.39685658153241654,0,0,0.75,1,2,1,0,0,7,0.582469368520264,1,0,0,1,0,0,2,1,0,0.5,2,0,0.10497237569060773,0.3885533179229635,0.10000000000000002
0.06060606060606061,0.5972495088408645,0,1,1.0,0,0,0,0,0,6,0.4255419415645619,1,1,0,1,0,0,2,0,1,0.5,2,0,0.1602209944751381,0.75,0.10000000000000002
0.0,0.6035363457760314,2,0,1.0,0,2,0,0,0,10,0.5378573672635878,6,2,1,1,0,0,2,0,0,1.0,2,0,0.24861878453038677,0.5,0.15000000000956012
0.0,0.20078585461689583,0,0,0.0,1,0,1,0,0,4,0.6998114985862394,3,1,0,1,0,0,2,1,0,0.0,2,1,0.11049723756906077,0.25,0.07499999999521996
0.06060606060606061,0.5972495088408645,0,0,0.75,1,0,1,0,0,10,0.5895381715362866,3,0,0,1,0,0,2,1,0,0.5,2,1,0.1602209944751381,0.382334213960377,0.15000000000956012
0.0,0.39646365422396856,2,0,0.75,1,2,1,0,0,10,0.4095193213949105,5,0,0,1,0,0,2,1,0,0.7181538512044991,2,1,0.09944751381215469,0.4162336621856914,0.0500000000095601
0.0,0.5925343811394892,0,0,0.5,1,0,0,1,0,6,0.3609802073515553,1,3,1,1,0,0,2,0,1,1.0,2,0,0.09392265193370165,0.25,0.2500000000478005
0.0761825142630813,0.39528487229862486,0,0,0.0,1,2,1,0,0,8,0.7302858938108703,3,0,0,1,0,0,2,1,0,0.5,2,1,0.08287292817679558,0.25,0.0
0.0,0.5925343811394892,0,1,0.0,0,2,1,1,0,1,0.2120640904806786,0,2,1,1,0,0,2,0,0,1.0,2,0,0.09392265193370165,0.25,0.02500000000478005
0.06060606060606061,0.793713163064833,0,1,0.5,0,2,1,0,0,1,0.595507382972039,6,2,0,1,0,0,2,0,0,1.0,2,1,0.1602209944751381,0.5,0.07499999999521996
0.0,0.19646365422396858,0,0,0.25,1,2,0,0,0,9,0.4181589695256048,2,1,0,1,7,0,2,1,0,0.0,2,1,0.049723756906077346,0.25,0.2500000000478005
0.0,0.5913555992141455,0,0,0.5,1,0,0,0,0,0,0.6008482563619226,1,1,0,1,0,0,2,1,1,1.0,2,0,0.07734806629834254,0.25,0.12500000000478007
0.0,0.5913555992141455,0,0,0.25,0,1,0,1,0,5,0.371033616085454,6,2,0,1,2,0,2,0,0,1.0,2,0,0.07734806629834254,0.25,0.10000000000000002
0.04823891568862197,0.9917485265225934,0,0,0.0,1,0,1,0,0,0,0.7835375431982405,3,0,0,1,0,0,2,1,1,1.0,2,1,0.18232044198895025,0.5,0.0
0.0,0.5913555992141455,0,0,0.25,1,2,1,0,0,2,0.45460257618598804,1,0,1,1,0,0,2,1,0,1.0,2,1,0.07734806629834254,0.25,0.20000000000000004
0.0,0.5925343811394892,2,0,0.5,0,2,0,0,0,1,0.6094879044926169,0,2,0,1,0,0,2,0,0,1.0,2,0,0.09392265193370165,0.25,0.12500000000478007
0.12121212121212122,0.9850687622789784,2,0,0.5,1,1,1,0,0,9,0.5705309456487591,2,1,0,1,4,0,5,1,0,1.0,6,1,0.08839779005524862,0.5,0.20000000000000004
0.0,0.6031434184675836,0,0,0.5,1,2,1,0,0,4,0.6740496387056236,3,0,0,1,0,0,2,1,0,1.0,2,0,0.2430939226519337,0.5,0.2500000000478005
0.030303030303030304,0.5960707269155208,0,0,0.0,1,2,1,0,0,9,0.7494502042098647,3,0,1,1,0,0,2,1,0,0.5,2,0,0.14364640883977903,0.5,0.02500000000478005
0.09090909090909091,0.793713163064833,1,1,0.5,0,2,0,1,0,5,0.16698083568960104,5,2,0,1,0,0,2,0,0,1.0,2,1,0.1602209944751381,0.5,0.22499999992829928
0.0,0.5933202357563852,1,0,0.5,1,2,0,0,0,4,0.7910775997486648,1,2,1,1,0,0,2,0,0,1.0,2,0,0.10497237569060773,0.25,0.10000000000000002
0.030303030303030304,0.5929273084479373,0,0,0.0,1,2,0,0,0,8,0.8039585296889729,3,0,0,0,0,0,2,1,0,0.5,2,0,0.09944751381215469,0.5,0.0500000000095601
0.09090909090909091,0.7956777996070729,0,1,0.5,0,2,1,0,0,10,0.37511781338360045,0,2,0,1,0,0,2,1,0,1.0,2,0,0.18784530386740333,0.5,0.22499999992829928
0.0,0.0043222003929273,1,0,0.75,1,0,1,0,0,9,0.7661011624253848,2,1,0,1,0,0,2,1,0,0.5,2,1,0.11049723756906077,0.34004917091316955,0.10000000000000002
0.0,0.3948919449901769,1,0,0.5,1,2,0,1,0,4,0.3699340245051838,6,2,0,1,0,0,2,1,0,0.5,2,1,0.07734806629834254,0.25,0.22499999992829928
0.06060606060606061,0.5917485265225934,0,0,0.25,1,2,1,0,0,3,0.5452403393025449,2,1,1,1,1,0,3,1,0,0.5,3,0,0.08287292817679558,0.5,0.17500000001434018
0.15151515151515152,0.9968565815324166,0,1,0.0,1,2,1,0,0,2,0.4747093936537858,2,0,0,1,0,0,2,1,0,1.0,2,1,0.2541436464088398,0.5,0.07499999999521996
0.0,0.5992141453831042,0,0,0.5,0,2,0,1,0,1,0.16792334275840398,0,2,0,1,0,0,2,0,0,1.0,2,0,0.18784530386740333,0.4058436893744744,0.27499999997609975
0.0,0.19842829076620824,2,0,0.5,1,2,0,0,0,9,0.45821551994973303,2,1,1,1,0,0,2,1,0,0.0,2,1,0.07734806629834254,0.25,0.17500000001434018
0.023593522272917663,0.005893909626719068,0,0,0.75,1,2,1,0,0,8,0.6611687087653157,3,1,0,1,0,0,6,1,0,0.4844982277375882,0,1,0.13259668508287292,0.29166824497301136,0.0
0.0,0.3956777996070727,2,0,0.0,1,1,1,1,0,10,0.3386742067232172,2,1,1,1,0,0,2,1,0,0.5,2,1,0.08839779005524862,0.25,0.0500000000095601
0.0,0.3948919449901769,0,0,0.5,1,2,0,0,0,8,0.651272384542884,2,1,1,1,7,0,2,1,0,0.5,2,1,0.07734806629834254,0.25,0.15000000000956012
0.0,0.5921414538310413,0,0,0.25,0,2,0,0,0,1,0.5735155513666352,6,2,0,1,0,0,2,0,0,1.0,2,0,0.08839779005524862,0.25,0.12500000000478007
0.09090909090909091,0.7913555992141454,2,1,0.0,1,2,1,1,0,4,0.29249136035186923,2,1,1,1,0,0,2,1,0,1.0,2,1,0.1270718232044199,0.5,0.0500000000095601
0.0,0.3956777996070727,0,0,0.25,1,1,0,0,0,9,0.3952246308513982,2,1,1,1,0,0,2,1,0,0.5,2,1,0.08839779005524862,0.25,0.07499999999521996
0.09090909090909091,0.5984282907662083,2,1,0.0,1,2,1,1,0,9,0.2871504869619856,5,1,1,1,4,0,5,1,0,0.5,6,1,0.17679558011049723,0.5,0.0
0.06060606060606061,0.7905697445972495,0,0,0.0,1,2,1,0,0,10,0.9272698711907006,2,0,1,1,0,0,2,1,0,1.0,2,0,0.11602209944751381,0.5,0.17500000001434018
0.0,0.5913555992141455,2,0,0.5,1,0,1,0,0,6,0.7194470625196356,2,3,0,1,0,0,2,1,1,1.0,2,1,0.07734806629834254,0.25,0.12500000000478007
0.01156235970722037,0.3948919449901769,2,0,0.5,1,0,1,0,0,8,0.7071944706251962,2,1,1,1,0,0,2,1,0,0.5,2,1,0.07734806629834254,0.25,0.0
0.06060606060606061,0.7897838899803538,2,1,0.5,0,0,0,1,0,6,0.3089852340559221,5,3,1,1,0,0,2,1,1,1.0,2,0,0.10497237569060773,0.5,0.10000000000000002
0.030303030303030304,0.39371316306483306,2,0,0.75,1,2,0,0,0,9,0.4469054351240968,2,1,1,1,0,0,2,1,0,0.0,2,1,0.06077348066298342,0.34863464733224164,0.2500000000478005
0.0,0.5933202357563852,0,0,0.5,0,2,0,0,0,1,0.6540999057492931,0,2,0,1,0,0,2,0,0,1.0,2,0,0.10497237569060773,0.25,0.10000000000000002
0.0,0.5909626719056974,2,0,0.5,1,2,1,0,0,10,0.557335846685517,3,0,0,1,0,0,2,1,0,1.0,2,0,0.0718232044198895,0.25,0.22499999992829928
0.0,0.5939096267190571,2,0,0.75,1,0,1,0,0,6,0.6478165252906063,1,3,0,1,0,0,2,0,1,1.0,2,0,0.1132596685082873,0.4563669774110071,0.34999999995219955
0.15151515151515152,0.7886051080550098,0,0,0.75,1,2,1,1,0,3,0.18111844172164632,2,1,1,1,0,0,2,1,0,0.5,2,1,0.08839779005524862,0.3979450012123685,0.15000000000956012
0.030303030303030304,0.793713163064833,0,1,0.5,0,0,0,1,0,6,0.32799245994344967,1,3,0,1,0,0,2,0,1,1.0,2,0,0.1602209944751381,0.5,0.22499999992829928
0.09090909090909091,0.7941060903732811,0,0,0.75,1,2,1,0,0,10,0.7141061891297518,3,0,1,1,0,0,2,1,0,1.0,2,1,0.16574585635359118,0.552307636556017,0.17500000001434018
0.0,0.5952848722986248,0,0,0.5,1,2,0,0,0,4,0.687244737668866,2,0,0,1,0,0,2,1,0,1.0,2,1,0.13259668508287292,0.5,0.3250000000239002
0.030303030303030304,0.4047151277013753,2,0,0.75,1,2,1,0,0,10,0.5256047753691486,3,1,0,1,0,0,2,1,0,0.0,2,1,0.2154696132596685,0.5,0.10000000000000002
0.0,0.5913555992141455,0,0,0.5,1,2,1,0,0,10,0.5466540999057492,3,0,0,1,0,0,2,1,0,1.0,2,1,0.07734806629834254,0.25,0.20000000000000004
0.0,0.5933202357563852,0,0,0.25,1,0,1,0,0,7,0.5808985234055923,3,0,0,1,1,0,3,1,0,1.0,3,0,0.10497237569060773,0.25,0.0500000000095601
0.09090909090909091,0.3948919449901769,2,0,0.25,1,2,1,1,0,4,0.2909205152371977,2,1,1,1,0,0,2,1,0,0.0,2,1,0.07734806629834254,0.5,0.07499999999521996
0.0,0.5901768172888017,0,0,0.25,0,0,0,0,0,6,0.438737040527804,1,3,1,1,0,0,2,0,1,1.0,2,0,0.06077348066298342,0.25,0.22499999992829928
0.030303030303030304,0.5903732809430257,0,0,0.75,1,2,1,1,0,3,0.34417216462456807,2,1,0,1,0,0,2,1,0,0.5,2,1,0.06353591160220994,0.30610211877254684,0.15000000000956012
0.0,0.5972495088408645,0,0,0.5,1,2,1,0,0,9,0.6297518064718819,2,1,1,1,0,0,2,1,0,1.0,2,1,0.1602209944751381,0.5,0.17500000001434018
0.0,0.19921414538310409,2,0,0.0,1,2,1,0,0,3,0.3867420672321709,2,1,1,1,4,0,5,1,0,0.0,6,1,0.08839779005524862,0.25,0.20000000000000004
0.07793530979936136,0.7921414538310413,0,0,0.5,1,2,1,0,0,9,0.614043355325165,2,1,0,1,0,0,2,1,0,1.0,2,1,0.13812154696132595,0.5,0.0
0.0,0.0023575638506876107,2,0,0.25,0,2,0,0,0,5,0.48743323908262653,6,1,1,1,3,0,7,0,0,0.39815083143747065,5,1,0.08287292817679558,0.25,0.15000000000956012
0.0,0.5933202357563852,0,0,0.5,0,2,0,0,0,1,0.4370091109016651,1,2,0,0,0,0,2,0,0,1.0,2,1,0.10497237569060773,0.25,0.3250000000239002
0.0,0.20039292730844796,0,1,0.0,1,2,1,0,0,4,0.3762174049638706,6,1,1,1,1,0,3,1,0,0.35604745162583984,3,1,0.10497237569060773,0.5,0.15000000000956012
0.0,0.5933202357563852,2,0,0.5,1,2,0,1,0,4,0.22541627395538805,6,0,0,1,2,0,2,1,0,1.0,2,0,0.10497237569060773,0.25,0.2500000000478005
0.0,0.39528487229862486,2,0,0.5,1,2,1,0,0,3,0.41171850455545084,2,1,1,0,0,0,2,1,0,0.5,2,1,0.08287292817679558,0.25,0.20000000000000004
0.0,0.3941060903732809,0,0,0.25,1,2,0,0,0,3,0.4214577442664153,2,1,0,1,4,0,5,1,0,0.5,6,1,0.06629834254143646,0.25,0.12500000000478007
0.030303030303030304,0.7917485265225934,0,0,0.5,1,0,1,0,0,10,0.546339930882815,3,3,0,1,0,0,2,1,1,1.0,2,0,0.13259668508287292,0.5,0.0500000000095601
0.0,0.5905697445972495,0,0,0.25,0,0,0,0,0,6,0.49560163367891924,1,3,1,1,0,0,2,0,1,1.0,2,0,0.06629834254143646,0.25,0.22499999992829928
0.030303030303030304,0.793713163064833,0,1,0.5,0,2,0,1,0,1,0.2232170907948477,0,2,0,1,0,0,2,0,0,1.0,2,0,0.1602209944751381,0.5,0.07499999999521996
0.0,0.398860510805501,2,0,0.75,1,2,1,0,0,9,0.7007540056550423,3,1,0,1,0,0,2,1,0,0.5,2,1,0.13314917127071824,0.2852601092857296,0.20000000000000004
0.06060606060606061,0.7917485265225934,2,1,0.75,0,2,1,1,0,1,0.18551680804272702,0,2,0,1,0,0,2,0,0,1.0,2,0,0.13259668508287292,0.4549262402744992,0.37500000007170076
0.0,0.5933202357563852,0,0,0.75,1,2,1,0,0,7,0.5383286207979894,3,0,1,1,0,0,2,1,0,1.0,2,0,0.10497237569060773,0.3627124475018689,0.15000000000956012
0.0,0.3948919449901769,0,0,0.5,1,2,0,0,0,8,0.6823751178133837,2,1,1,1,4,0,5,1,0,0.5,6,1,0.07734806629834254,0.25,0.07499999999521996
0.0,0.5925343811394892,1,1,0.0,1,2,1,1,0,4,0.2637448947533773,6,1,1,1,0,0,2,1,0,1.0,2,0,0.09392265193370165,0.25,0.0500000000095601
0.06060606060606061,0.5913555992141455,2,0,0.25,1,2,1,0,0,8,0.5771284951303803,3,1,1,1,0,0,2,1,0,0.5,2,1,0.07734806629834254,0.5,0.10000000000000002
0.030303030303030304,0.788212180746562,2,0,0.0,1,0,1,0,0,10,0.9432924913603518,3,0,1,1,0,0,2,1,0,1.0,2,0,0.08287292817679558,0.5,0.10000000000000002
0.0,0.594499017681729,0,0,0.5,1,2,1,0,0,0,0.5962928055293748,3,0,0,1,0,0,2,1,0,1.0,2,1,0.12154696132596686,0.5,0.2500000000478005
0.030303030303030304,0.7976424361493125,2,0,0.75,1,2,1,0,0,10,0.9022934338674207,1,0,0,0,0,0,2,1,0,1.0,2,0,0.2154696132596685,0.5,0.2500000000478005
0.0,0.4,0,0,0.5,1,2,0,0,0,8,0.39679547596606973,3,0,0,1,0,0,2,1,0,0.5,2,1,0.14917127071823205,0.5,0.17500000001434018
0.0,0.3933202357563851,1,0,0.5,1,2,0,0,0,9,0.5793276782909207,2,0,0,1,0,0,2,1,0,0.5,2,1,0.055248618784530384,0.25,0.0500000000095601
0.06060606060606061,0.3992141453831042,0,0,0.75,1,2,1,0,0,9,0.6987119070059693,3,1,1,1,0,0,2,1,0,0.0,2,0,0.13812154696132595,0.5,0.0500000000095601
0.030303030303030304,0.39646365422396856,1,0,0.75,1,2,1,0,0,3,0.5095821551994972,2,1,0,1,0,0,2,1,0,0.0,2,1,0.09944751381215469,0.3477576954579478,0.27499999997609975
0.0,0.3948919449901769,2,0,0.5,1,2,0,1,0,9,0.3468426013195099,2,1,1,1,0,0,2,1,0,0.5,2,1,0.07734806629834254,0.25,0.07499999999521996
0.0,0.39685658153241654,2,0,0.75,1,2,1,0,0,4,0.5535658184103047,5,1,0,1,0,0,2,1,0,0.5,2,0,0.10497237569060773,0.4566506268816596,0.10000000000000002
0.0,0.5952848722986248,0,0,0.75,1,2,1,0,0,9,0.5879673264216148,3,0,1,1,0,0,2,1,0,1.0,2,1,0.13259668508287292,0.4608415062140003,0.07499999999521996
0.06060606060606061,0.7956777996070729,0,1,0.5,0,2,0,1,0,1,0.21756204838202958,0,2,0,1,0,0,2,0,0,1.0,2,0,0.18784530386740333,0.5,0.12500000000478007
0.0,0.6051080550098232,0,0,0.5,0,2,0,0,0,1,0.7246308513980522,0,1,0,1,0,0,2,0,0,1.0,2,0,0.27071823204419887,0.5,0.17500000001434018
0.0,0.400785854616896,2,0,1.0,1,1,1,0,0,10,0.6511153000314169,3,1,1,1,6,0,0,1,0,0.5,1,1,0.1602209944751381,0.5,0.07499999999521996
0.2727272727272727,0.7909626719056976,0,0,1.0,1,2,1,0,0,9,0.870091109016651,2,1,1,1,0,0,2,1,0,0.5,2,1,0.12154696132596686,0.454684463489515,0.17500000001434018
0.030303030303030304,0.5968565815324165,2,0,0.0,1,0,1,0,0,8,0.693842287150487,3,1,0,1,0,0,2,1,0,0.5,2,0,0.15469613259668508,0.5,0.07499999999521996
0.030303030303030304,0.7897838899803538,1,0,0.5,1,2,1,0,0,0,0.7112786679233427,5,1,0,1,4,0,5,1,0,1.0,6,1,0.10497237569060773,0.5,0.17500000001434018
0.030303030303030304,0.7917485265225934,0,0,0.5,1,2,1,0,0,3,0.47957901350926807,3,0,0,1,0,0,2,1,0,1.0,2,1,0.13259668508287292,0.5,0.15000000000956012
0.0,0.3992141453831042,0,1,0.75,1,2,1,0,0,10,0.3779453345900095,3,0,0,1,0,0,2,1,0,0.5,2,1,0.13812154696132595,0.558574988389586,0.20000000000000004
0.0,0.3944990176817289,1,0,0.0,1,2,1,0,0,3,0.48759032359409366,6,1,0,1,0,0,2,1,0,0.5,2,1,0.0718232044198895,0.25,0.10000000000000002
0.09090909090909091,0.7948919449901769,0,1,0.0,0,2,0,0,0,1,0.6570845114671693,0,1,0,1,0,0,2,0,0,1.0,2,0,0.17679558011049723,0.5,0.07499999999521996
0.12121212121212122,0.5886051080550099,2,0,0.0,1,2,1,0,0,8,0.5381715362865223,2,1,1,1,0,0,2,1,0,0.0,2,1,0.03867403314917127,0.5,0.07499999999521996
0.0,0.5921414538310413,1,0,0.0,1,2,1,0,0,4,0.5325164938737041,6,1,0,1,0,0,2,1,0,1.0,2,0,0.08839779005524862,0.25,0.02500000000478005
0.0,0.5893909626719057,0,0,0.5,1,2,0,1,0,0,0.24740810556079168,3,0,0,1,0,0,2,1,0,1.0,2,0,0.049723756906077346,0.25,0.12500000000478007
0.030303030303030304,0.5941060903732809,2,0,0.75,1,2,1,0,0,4,0.8633364750235626,2,1,0,0,0,0,2,1,0,0.5,2,0,0.11602209944751381,0.45732883612696174,0.15000000000956012
0.06060606060606061,0.39516699410609046,0,0,0.75,1,2,1,1,0,3,0.35768143261074464,2,1,0,1,0,0,2,1,0,0.0,2,1,0.08121546961325966,0.39904851361724525,0.12500000000478007
0.0,0.3889980353634578,2,0,1.0,1,2,1,0,0,10,0.6683945962928055,3,0,1,1,0,0,2,1,0,0.5,2,0,0.11911261961751772,0.4329327180514203,0.12500000000478007
0.0,0.5956777996070727,2,0,0.5,1,2,1,0,0,4,0.6058749607288723,3,0,1,0,0,0,2,1,0,1.0,2,1,0.13812154696132595,0.5,0.300000000095601
0.0,0.3933202357563851,1,0,0.0,1,0,1,1,0,2,0.25636192271442043,5,0,0,0,0,0,2,1,0,0.5,2,0,0.055248618784530384,0.25,0.0
0.0,0.5972495088408645,2,0,0.5,1,2,1,0,0,3,0.8118127552623313,2,1,1,1,4,0,5,1,0,1.0,6,1,0.1602209944751381,0.5,0.12500000000478007
0.06060606060606061,0.7878192534381141,0,0,0.5,1,2,1,0,0,3,0.7134778510838831,4,0,1,1,0,0,2,1,0,1.0,2,0,0.07734806629834254,0.5,0.10000000000000002
0.0,0.5897838899803538,0,0,0.0,1,0,1,0,0,8,0.5708451146716935,2,0,0,1,0,0,2,1,0,1.0,2,1,0.055248618784530384,0.25,0.17500000001434018
0.0,0.39508840864440087,1,0,0.75,1,2,1,1,0,3,0.3581526861451461,2,1,1,1,1,0,3,1,0,0.5,3,1,0.08011049723756906,0.3409591515979158,0.12500000000478007
0.0,0.5924165029469549,2,0,0.75,0,0,0,1,0,6,0.3469996858309771,1,3,0,1,0,0,2,0,1,1.0,2,0,0.09226519337016574,0.4461727988481882,0.2500000000478005
0.0,0.39371316306483306,0,0,0.5,1,0,0,1,0,0,0.21504869619855477,3,0,1,1,4,0,5,1,0,0.5,6,1,0.06077348066298342,0.25,0.10000000000000002
0.0,0.5960707269155208,2,0,0.5,0,2,0,0,0,1,0.5260760289035502,0,2,1,1,0,0,2,0,0,1.0,2,0,0.14364640883977903,0.5,0.300000000095601
0.0,0.5905697445972495,0,0,0.75,0,2,0,0,0,5,0.6104304115614201,6,2,0,1,0,0,2,0,0,1.0,2,0,0.06629834254143646,0.2980641362290527,0.0500000000095601
0.030303030303030304,0.5913555992141455,0,0,0.75,1,0,1,0,0,7,0.4169022934338675,3,0,0,1,0,0,2,1,0,0.5,2,1,0.07734806629834254,0.3454830392653907,0.07499999999521996
0.0,0.3976424361493124,0,0,0.25,1,1,1,0,0,8,0.444234998429155,2,1,1,1,0,0,2,1,0,0.5,2,0,0.11602209944751381,0.25,0.20000000000000004
0.0,0.39685658153241654,0,0,0.5,1,2,1,0,0,8,0.7060948790449262,2,1,1,1,0,0,2,1,0,0.5,2,1,0.10497237569060773,0.25,0.15000000000956012
0.0,0.3948919449901769,1,0,0.5,1,2,0,0,0,9,0.6286522148916116,2,1,1,1,0,0,2,1,0,0.5,2,1,0.07734806629834254,0.25,0.17500000001434018
0.0,0.5952848722986248,2,0,0.5,1,2,0,1,0,3,0.32343700911090173,2,1,1,1,4,0,5,1,0,1.0,6,1,0.13259668508287292,0.5,0.12500000000478007
0.03497320241199592,0.7870333988212181,0,1,0.5,0,2,0,1,0,1,0.2979893182532202,0,2,1,1,0,0,6,0,0,1.0,0,0,0.06629834254143646,0.5,0.0
0.0,0.5933202357563852,0,0,0.5,1,2,1,0,0,0,0.42726987119070065,3,0,1,1,0,0,2,1,0,1.0,2,0,0.10497237569060773,0.25,0.22499999992829928
0.030303030303030304,0.5905697445972495,2,0,0.25,1,2,1,0,0,2,0.6910147659440777,2,0,0,1,0,0,2,1,0,0.5,2,1,0.06629834254143646,0.5,0.20000000000000004
0.0,0.39685658153241654,0,0,0.25,1,2,0,1,0,1,0.16399622997172475,2,0,0,1,0,0,2,1,0,0.5,2,1,0.10497237569060773,0.25,0.15000000000956012
0.0,0.39685658153241654,2,0,0.5,1,2,1,0,0,8,0.6091737354696827,2,0,0,1,0,0,2,1,0,0.5,2,1,0.10497237569060773,0.25,0.07499999999521996
0.0,0.5925343811394892,0,0,0.75,0,2,0,1,0,5,0.3517122211749922,0,2,1,1,0,0,2,0,0,1.0,2,0,0.09392265193370165,0.4067797095506455,0.17500000001434018
0.05081384044867059,0.1933202357563851,1,0,0.0,1,2,0,0,0,4,0.5417844800502671,6,1,0,0,0,0,6,1,0,0.0,0,0,0.0055248618784530384,0.0,0.0
0.06060606060606061,0.5941060903732809,2,1,0.0,1,2,1,0,0,3,0.5135092679861766,2,1,1,1,0,0,2,1,0,0.5,2,0,0.11602209944751381,0.5,0.07499999999521996
0.0,0.39528487229862486,2,0,0.5,1,2,0,0,0,9,0.5653471567703425,2,1,0,0,1,0,3,1,0,0.5,3,1,0.08287292817679558,0.25,0.15000000000956012
0.0,0.5909626719056974,0,0,0.0,1,0,1,0,0,6,0.3861137291863022,5,3,0,1,0,0,2,1,1,1.0,2,1,0.0718232044198895,0.25,0.10000000000000002
0.15030822249418466,0.22003929273084485,1,0,0.0,1,2,0,1,0,3,0.30427269871190704,6,1,0,0,0,0,6,0,0,0.6021606253565599,0,0,0.3812154696132597,0.0,0.0
0.0,0.5972495088408645,0,0,0.0,0,2,0,0,0,1,0.3842287150486962,0,2,0,1,0,0,2,0,0,1.0,2,0,0.1602209944751381,0.5,0.10000000000000002
0.030303030303030304,0.594499017681729,2,0,0.5,1,2,1,0,0,2,0.6317939051209551,2,0,1,1,4,0,5,1,0,0.5,6,0,0.12154696132596686,0.5,0.17500000001434018
0.0,0.5933202357563852,0,0,0.5,1,2,1,0,0,9,0.8554822494502041,3,0,1,1,0,0,2,1,0,1.0,2,1,0.10497237569060773,0.25,0.20000000000000004
0.030303030303030304,0.39685658153241654,2,0,0.0,1,2,1,0,0,9,0.5119384228715049,2,1,1,1,0,0,2,1,0,0.0,2,1,0.10497237569060773,0.5,0.12500000000478007
0.0,0.5924950884086445,0,0,0.75,0,2,0,1,0,10,0.29987433239082634,6,2,1,1,0,0,2,0,0,1.0,2,0,0.09337016574585634,0.3579511096959315,0.07499999999521996
0.0,0.19960707269155206,0,0,0.75,1,2,1,1,0,9,0.06550424128180965,2,1,1,1,0,0,2,1,0,0.0,2,1,0.09392265193370165,0.5,0.12500000000478007
0.0,0.593713163064833,2,1,0.0,1,0,1,1,0,9,0.35453974238140123,2,1,1,1,0,0,2,1,0,1.0,2,1,0.11049723756906077,0.5,0.02500000000478005
0.0,0.3960707269155207,2,0,0.25,1,2,0,0,0,4,0.6080741438894124,6,1,0,1,4,0,5,1,0,0.5,6,1,0.09392265193370165,0.25,0.07499999999521996
0.0,0.594499017681729,0,0,0.25,1,2,1,0,0,9,0.5355010995915803,3,0,0,1,0,0,2,1,0,1.0,2,1,0.12154696132596686,0.25,0.12500000000478007
0.030303030303030304,0.5956777996070727,2,0,0.75,1,0,1,1,0,3,0.139962299717248,3,1,0,1,0,0,2,1,0,0.5,2,1,0.13812154696132595,0.3885562778648949,0.15000000000956012
0.42424242424242425,0.9909626719056976,0,1,0.5,0,2,1,1,0,1,0.1897580898523405,0,2,1,1,0,0,2,0,0,1.0,2,0,0.1712707182320442,0.28789966514022164,0.07499999999521996
0.06060606060606061,0.20825147347740672,2,0,0.5,1,2,1,0,0,7,0.6819038642789821,3,0,0,0,0,0,2,1,0,0.7167976850989015,2,1,0.2154696132596685,0.459479563398891,0.10000000000000002
0.0,0.5952848722986248,2,0,0.5,1,2,1,0,0,10,0.5527803958529689,5,2,1,1,4,0,5,0,0,1.0,6,0,0.13259668508287292,0.5,0.0500000000095601
0.0,0.400392927308448,0,0,0.0,1,0,1,0,0,4,0.48554822494502053,2,1,1,1,0,0,2,1,0,0.5,2,1,0.15469613259668508,0.5,0.17500000001434018
0.0,0.19842829076620824,0,0,0.0,1,1,1,0,0,4,0.5563933396167138,6,1,0,1,1,0,3,0,0,0.0,3,0,0.07734806629834254,0.25,0.10000000000000002
0.030303030303030304,0.3992141453831042,2,0,0.75,1,2,1,0,0,9,0.5554508325479108,3,0,0,1,0,0,2,1,0,0.0,2,1,0.13812154696132595,0.43457425099795244,0.27499999997609975
0.0,0.5933202357563852,0,0,0.25,1,2,0,0,0,1,0.4721960414703111,0,2,1,1,0,0,2,1,0,1.0,2,0,0.10497237569060773,0.25,0.5750000000717007
0.0,0.3929273084479372,2,0,0.0,1,2,1,0,0,8,0.5909519321394909,5,0,0,1,0,0,2,1,0,0.5,2,0,0.049723756906077346,0.25,0.0
0.12121212121212122,0.5933202357563852,0,0,0.75,1,2,1,0,0,9,0.5483820295318882,2,1,0,1,0,0,2,1,0,0.0,2,1,0.10497237569060773,0.40282182102402536,0.22499999992829928
0.030303030303030304,0.7897838899803538,2,0,0.5,1,2,1,0,0,7,0.6844172164624569,3,0,0,1,0,0,2,1,0,1.0,2,1,0.10497237569060773,0.3422466702597172,0.0500000000095601
0.030303030303030304,0.787426326129666,0,0,0.0,1,2,1,1,0,3,0.27002827521206413,3,1,0,1,4,0,5,1,0,1.0,6,1,0.0718232044198895,0.5,0.10000000000000002
0.21212121212121213,0.9878781925343814,2,1,0.75,0,0,0,0,0,6,0.40920515237197613,1,3,1,1,0,0,2,1,1,1.0,2,0,0.1279005524861878,0.4021327565072553,0.22499999992829928
0.0,0.3948919449901769,0,0,0.5,1,2,0,0,0,3,0.42789820923656935,2,1,1,0,0,0,2,1,0,0.5,2,1,0.07734806629834254,0.25,0.07499999999521996
0.0,0.5941060903732809,0,0,0.25,1,2,1,1,0,7,0.37009110901665104,2,0,1,1,0,0,2,1,0,1.0,2,0,0.11602209944751381,0.5,0.07499999999521996
0.030303030303030304,0.7917485265225934,0,0,0.0,1,2,1,0,0,10,0.9038642789820925,3,0,1,1,0,0,2,1,0,1.0,2,1,0.13259668508287292,0.5,0.10000000000000002
0.0,0.3960707269155207,0,0,0.25,1,2,0,0,0,9,0.5757147345271756,3,0,1,1,0,0,2,1,0,0.5,2,0,0.09392265193370165,0.25,0.10000000000000002
0.18181818181818182,0.994106090373281,2,0,0.5,1,2,1,0,0,9,0.6921143575243482,2,1,1,1,4,0,5,1,0,1.0,6,1,0.2154696132596685,0.75,0.12500000000478007
0.12121212121212122,0.7858546168958742,0,0,0.5,1,2,1,0,0,3,0.5579641847313856,2,0,0,1,4,0,5,1,0,0.5,6,0,0.049723756906077346,0.5,0.12500000000478007
0.0,0.3988212180746562,0,0,0.5,1,2,0,0,0,8,0.7924913603518693,2,0,1,1,0,0,2,1,0,0.5,2,1,0.13259668508287292,0.5,0.4249999999282993
0.04936799110333133,0.00510805500982317,0,0,0.0,1,2,0,1,0,5,0.1617970468111844,5,1,1,0,0,0,6,0,0,0.7842297272962504,0,1,0.12154696132596686,0.4621725993929045,0.0
0.09090909090909091,0.787426326129666,0,1,0.75,0,2,1,0,0,1,0.6322651586553565,0,1,0,1,0,0,2,0,0,1.0,2,0,0.0718232044198895,0.4504180237604055,0.15000000000956012
0.0,0.39646365422396856,2,0,0.0,1,0,1,0,0,0,0.5150801131008482,3,3,0,0,0,0,2,1,1,0.5,2,0,0.09944751381215469,0.25,0.0
0.0,0.3956777996070727,2,0,0.0,1,0,1,0,0,2,0.8075714734527175,2,1,0,0,0,0,2,1,0,0.5,2,1,0.08839779005524862,0.25,0.22499999992829928
0.11262402869845221,0.7917485265225934,0,1,0.5,0,0,0,1,0,1,0.15205780710021993,0,2,1,1,0,0,2,0,0,1.0,2,0,0.13259668508287292,0.5,0.0
0.15151515151515152,0.400785854616896,0,0,0.5,1,2,1,0,0,10,0.8501413760603205,3,1,1,1,4,0,5,1,0,0.521319366082333,6,1,0.1602209944751381,0.5,0.15000000000956012
0.18181818181818182,0.9823182711198428,2,1,0.0,1,0,1,1,0,6,0.23986804901036768,6,3,1,1,0,0,2,1,1,1.0,2,0,0.049723756906077346,0.5,0.0
0.0,0.5925343811394892,2,0,0.5,1,2,0,0,0,9,0.5163367891925856,2,1,0,1,0,0,2,1,0,1.0,2,1,0.09392265193370165,0.25,0.17500000001434018
0.0,0.5886051080550099,0,0,0.25,0,2,0,0,0,5,0.5377002827521207,6,1,0,0,0,0,2,0,0,1.0,2,0,0.03867403314917127,0.25,0.07499999999521996
0.0,0.19724950884086448,0,0,0.25,1,2,0,0,0,9,0.4132893496701226,2,1,0,1,7,0,2,1,0,0.0,2,1,0.06077348066298342,0.25,0.22499999992829928
0.0,0.39685658153241654,0,0,0.75,0,2,1,0,0,5,0.5502670436694943,1,2,1,1,0,0,2,0,0,0.5,2,0,0.10497237569060773,0.41131829681265775,0.07499999999521996
0.0,0.5933202357563852,1,0,0.5,1,1,0,0,0,4,0.37260446120012564,5,1,1,1,0,0,2,1,0,1.0,2,1,0.10497237569060773,0.25,0.27499999997609975
0.0,0.5925343811394892,0,0,0.5,1,2,1,0,0,3,0.6704366949418787,2,1,1,1,0,0,2,1,0,1.0,2,0,0.09392265193370165,0.25,0.17500000001434018
0.0,0.5972495088408645,0,0,0.5,1,2,0,0,0,2,0.724473766886585,3,0,0,1,0,0,2,1,0,1.0,2,1,0.1602209944751381,0.5,0.0500000000095601
0.0,0.5960707269155208,0,1,0.0,1,2,0,1,0,1,0.2364121897580898,0,2,0,1,0,0,2,0,0,1.0,2,0,0.14364640883977903,0.5,0.10000000000000002
0.0,0.5964636542239686,0,0,0.0,1,2,1,0,0,9,0.9244423499842915,3,0,1,1,4,0,5,1,0,1.0,6,1,0.14917127071823205,0.5,0.02500000000478005
0.4545454545454546,0.9980353634577603,2,1,0.0,0,0,0,0,0,0,0.5477536914860195,6,1,0,1,0,0,2,0,1,1.0,2,0,0.27071823204419887,0.75,0.02500000000478005
0.0,0.594499017681729,0,0,0.75,1,0,1,0,0,10,0.39239710964498914,1,0,0,1,0,0,2,1,0,1.0,2,1,0.12154696132596686,0.30253394507248754,0.27499999997609975
0.030303030303030304,0.7917485265225934,0,0,0.5,1,2,1,0,0,4,0.6336789192585612,6,2,1,1,4,0,5,1,0,1.0,6,0,0.13259668508287292,0.5,0.07499999999521996
0.030303030303030304,0.7893909626719058,0,0,0.0,1,2,1,0,0,7,0.4351240967640591,3,0,1,1,0,0,2,1,0,1.0,2,0,0.09944751381215469,0.5,0.02500000000478005
0.0,0.5886051080550099,2,1,0.5,0,0,0,0,0,6,0.5152371976123153,1,1,0,1,0,0,2,0,1,1.0,2,0,0.03867403314917127,0.75,0.22499999992829928
0.0,0.39685658153241654,2,0,0.5,1,0,1,0,0,4,0.5304743952246309,2,1,0,1,0,0,2,1,0,0.5,2,1,0.10497237569060773,0.25,0.10000000000000002
0.030303030303030304,0.594891944990177,2,1,0.0,1,2,1,1,0,4,0.3218661639962301,2,1,1,1,0,0,2,1,0,0.5,2,0,0.1270718232044199,0.5,0.07499999999521996
0.0,0.5960707269155208,1,0,0.5,0,0,0,0,0,1,0.53330191643104,6,2,1,1,0,0,2,0,0,1.0,2,0,0.14364640883977903,0.5,0.15000000000956012
0.0,0.39528487229862486,2,0,0.25,1,2,0,0,0,8,0.4839773798303488,2,1,1,1,1,0,3,1,0,0.5,3,1,0.08287292817679558,0.25,0.10000000000000002
0.0,0.40864440078585473,0,0,0.5,1,2,0,1,0,10,0.22997172478793598,2,0,1,1,0,0,2,1,0,0.5,2,0,0.27071823204419887,0.5,0.20000000000000004
0.0,0.39685658153241654,2,0,0.5,1,2,0,0,0,8,0.4959158027018537,2,1,1,1,0,0,2,1,0,0.5,2,1,0.10497237569060773,0.25,0.20000000000000004
0.0,0.3929273084479372,0,0,1.0,1,2,0,0,0,10,0.8300345585925228,3,0,0,1,0,0,2,1,0,0.5,2,1,0.049723756906077346,0.25,0.12500000000478007
0.12121212121212122,0.5925343811394892,0,0,0.75,1,1,1,0,0,8,0.4610430411561421,2,1,0,1,0,0,2,1,0,0.0,2,1,0.09392265193370165,0.2965917247745399,0.07499999999521996
0.0,0.5921414538310413,2,0,0.25,1,0,1,0,0,6,0.3817153628652215,3,0,1,1,0,0,2,1,1,1.0,2,1,0.08839779005524862,0.25,0.0500000000095601
0.0,0.20039292730844796,0,0,0.25,1,2,0,1,0,3,0.2362551052466227,2,1,0,0,5,0,4,1,0,0.0,4,1,0.10497237569060773,0.25,0.0500000000095601
0.0,0.3960707269155207,2,0,0.0,1,2,1,0,0,9,0.3978950675463399,2,1,1,1,0,0,2,1,0,0.5,2,1,0.09392265193370165,0.25,0.0500000000095601
0.0,0.5933202357563852,0,0,0.5,0,2,0,0,0,5,0.6160854539742382,1,2,0,1,1,0,3,0,0,1.0,3,0,0.10497237569060773,0.25,1.0
0.030303030303030304,0.7964636542239686,2,1,0.5,0,0,0,0,0,6,0.37260446120012564,1,3,1,1,0,0,2,0,1,1.0,2,0,0.19889502762430938,0.5,0.37500000007170076
0.0,0.00039292730844792123,0,0,0.0,1,2,0,0,0,8,0.5180647188187246,3,0,0,1,1,0,3,1,0,0.8231140871738045,3,1,0.055248618784530384,0.0,0.0500000000095601
0.030303030303030304,0.8534381139489196,0,1,0.75,0,2,0,1,0,1,0.038014451775055025,0,2,0,1,0,0,2,0,0,1.0,2,0,0.9999999999999999,0.36019786472982185,0.17500000001434018
0.0,0.5972495088408645,0,0,0.5,0,2,1,0,0,1,0.6542569902607605,0,2,0,1,0,0,2,0,0,1.0,2,0,0.1602209944751381,0.5,0.2500000000478005
0.0,0.39803536345776036,2,0,0.25,1,2,0,1,0,7,0.15535658184103046,3,0,1,1,5,0,4,1,0,0.5,4,0,0.12154696132596686,0.25,0.17500000001434018
0.030303030303030304,0.7897838899803538,0,0,0.5,1,2,1,0,0,4,0.7230600062833805,3,0,0,1,0,0,2,1,0,1.0,2,1,0.10497237569060773,0.5,0.10000000000000002
0.0,0.3976424361493124,0,0,0.5,1,2,0,0,0,9,0.8039585296889729,3,0,0,1,0,0,2,1,0,0.5,2,1,0.11602209944751381,0.5,0.15000000000956012
0.0,0.5886051080550099,0,0,0.75,1,2,1,0,0,7,0.5823122840087969,3,0,0,1,0,0,2,1,0,1.0,2,0,0.03867403314917127,0.2938563192587341,0.10000000000000002
0.0,0.595049115913556,2,0,0.75,1,2,1,0,0,10,0.5402136349355955,3,0,0,1,0,0,2,1,0,1.0,2,1,0.1292817679558011,0.35037366433104805,0.07499999999521996
0.0,0.5972495088408645,2,0,0.0,0,2,0,0,0,5,0.7090794847628024,6,2,0,1,0,0,2,0,0,1.0,2,0,0.1602209944751381,0.5,0.02500000000478005
0.12121212121212122,0.9901768172888017,2,0,0.5,1,2,1,0,0,1,0.45884385799560173,3,0,0,1,0,0,2,1,0,1.0,2,0,0.1602209944751381,0.5,0.15000000000956012
0.15151515151515152,0.9870333988212181,2,0,0.5,1,2,1,0,0,9,0.7254162739553882,2,1,1,1,0,0,2,1,0,1.0,2,1,0.11602209944751381,0.4503487550835635,0.15000000000956012
0.09090909090909091,0.7917485265225934,2,1,0.5,0,2,0,1,0,5,0.2910775997486648,6,1,1,1,0,0,2,0,0,1.0,2,0,0.13259668508287292,0.5,0.10000000000000002
0.18181818181818182,0.806286836935167,0,1,1.0,0,2,1,0,0,3,0.4954445491674521,5,1,1,1,1,0,3,1,0,0.5,3,1,0.3370165745856354,0.5650682178949489,0.0500000000095601
0.0,0.5952848722986248,0,0,0.25,1,0,1,1,0,10,0.33600377002827525,3,0,0,1,4,0,5,1,0,1.0,6,1,0.13259668508287292,0.25,0.20000000000000004
0.15151515151515152,0.9901768172888017,1,1,0.0,1,2,1,0,0,4,0.47203895695884385,6,2,0,1,0,0,2,0,0,1.0,2,0,0.1602209944751381,0.5,0.0
0.0,0.20039292730844796,0,0,0.0,1,2,0,0,0,9,0.8287778825007854,2,1,0,1,0,0,2,1,0,0.0,2,1,0.10497237569060773,0.25,0.0500000000095601
0.0,0.39685658153241654,2,0,0.5,1,2,0,0,0,4,0.48633364750235636,2,1,0,1,0,0,2,1,0,0.5,2,1,0.10497237569060773,0.25,0.07499999999521996
0.0,0.39685658153241654,2,0,0.0,1,2,1,0,0,3,1.0,2,1,1,1,5,0,4,1,0,0.5,4,1,0.10497237569060773,0.25,0.0
0.0,0.5905697445972495,0,0,0.0,1,2,1,0,0,10,0.40056550424128184,2,1,0,1,0,0,2,1,0,1.0,2,0,0.06629834254143646,0.25,0.10000000000000002
0.06060606060606061,0.39394891944990185,2,0,0.75,1,2,1,0,0,3,0.49497329563305065,2,1,0,1,1,0,3,1,0,0.0,3,1,0.06408839779005525,0.315398827129618,0.12500000000478007
0.0,0.5952848722986248,2,0,0.5,0,0,0,0,0,8,0.5534087338988376,1,0,1,1,0,0,2,0,0,1.0,2,0,0.13259668508287292,0.5,0.15000000000956012
0.0,0.5893909626719057,2,1,0.0,1,2,1,1,0,4,0.224473766886585,5,1,1,0,0,0,2,1,0,1.0,2,0,0.049723756906077346,0.5,0.22499999992829928
0.030303030303030304,0.7921414538310413,0,1,0.0,1,2,1,0,0,0,0.47706566132579326,3,0,0,1,0,0,2,1,0,1.0,2,0,0.13812154696132595,0.5,0.12500000000478007
0.0,0.5933202357563852,0,1,0.75,0,2,0,0,0,1,0.5435124096764059,0,2,0,1,0,0,2,0,0,1.0,2,0,0.10497237569060773,0.4991884860425722,0.12500000000478007
0.030303030303030304,0.5886051080550099,0,0,1.0,1,2,1,0,0,9,0.6633678919258561,2,0,1,1,0,0,2,1,0,0.5,2,0,0.03867403314917127,0.3159420939229369,0.15000000000956012
0.0,0.5893909626719057,0,0,0.0,1,2,1,1,0,4,0.264373232799246,2,0,1,1,0,0,2,1,0,1.0,2,1,0.049723756906077346,0.25,0.0500000000095601
0.0,0.20157170923379172,2,0,0.75,1,1,1,1,0,4,0.2684574300973925,2,1,0,1,0,0,2,1,0,0.0,2,1,0.12154696132596686,0.3496805489847394,0.17500000001434018
0.030303030303030304,0.5966601178781927,0,0,0.75,1,2,1,0,0,9,0.3793590951932139,2,0,1,1,0,0,2,1,0,0.5,2,1,0.15193370165745856,0.5,0.0500000000095601
0.0,0.3929273084479372,0,0,0.75,1,0,1,0,0,6,0.7280867106503297,2,3,0,1,0,0,2,1,1,0.5,2,0,0.049723756906077346,0.39615679873266996,0.22499999992829928
0.0,0.39371316306483306,1,0,0.0,1,2,1,1,0,9,0.3188815582783537,2,1,0,1,0,0,2,1,0,0.5,2,1,0.06077348066298342,0.25,0.07499999999521996
0.0,0.3929273084479372,2,0,0.5,1,2,0,1,0,3,0.3152686145146089,2,1,0,1,7,0,2,1,0,0.5,2,1,0.049723756906077346,0.25,0.15000000000956012
0.06060606060606061,0.7917485265225934,0,1,0.0,0,1,1,0,0,1,0.5424128180961358,6,2,0,1,0,0,2,0,0,1.0,2,0,0.13259668508287292,0.5,0.07499999999521996
0.0,0.5913555992141455,0,1,0.0,0,2,0,0,0,1,0.5725730442978323,0,2,1,1,0,0,2,0,0,1.0,2,0,0.07734806629834254,0.25,0.07499999999521996
0.0,0.2019646365422397,2,0,0.0,1,2,1,0,0,9,0.8818724473766888,2,1,1,1,0,0,2,1,0,0.0,2,1,0.1270718232044199,0.5,0.0500000000095601
0.0,0.3944990176817289,0,0,0.0,1,2,0,1,0,9,0.28856424756519,2,1,1,0,0,0,2,1,0,0.5,2,1,0.0718232044198895,0.25,0.07499999999521996
0.0,0.1960707269155206,0,0,0.0,1,2,1,0,0,4,0.5589066918001886,6,1,1,1,0,0,2,1,0,0.0,2,0,0.04419889502762431,0.25,0.0
0.0,0.400785854616896,2,0,0.5,1,2,1,0,0,3,0.706880301602262,2,0,0,1,0,0,2,1,0,0.5,2,1,0.1602209944751381,0.5,0.15000000000956012
0.030303030303030304,0.787426326129666,0,1,0.0,1,2,1,0,0,4,0.5750863964813069,6,2,1,1,6,0,0,1,0,1.0,1,0,0.0718232044198895,0.5,0.0
0.0,0.3941060903732809,2,0,0.25,1,0,0,0,0,3,0.6109016650958217,3,0,1,1,0,0,2,1,0,0.5,2,1,0.06629834254143646,0.25,0.10000000000000002
0.0,0.3988212180746562,1,0,0.5,0,2,0,0,0,1,0.5364436066603833,0,2,0,1,0,0,2,0,0,0.5,2,0,0.13259668508287292,0.5,0.2500000000478005
0.030303030303030304,0.5933202357563852,0,1,0.0,1,2,1,1,0,3,0.25966069745523096,3,0,1,1,0,0,6,1,0,0.5,0,1,0.10497237569060773,0.5,0.17500000001434018
0.0,0.3956777996070727,1,0,0.5,1,2,0,0,0,4,0.7529060634621427,6,2,1,1,0,0,2,0,0,0.5,2,0,0.08839779005524862,0.25,0.10000000000000002
0.0,0.3988212180746562,0,0,0.5,0,2,0,0,0,9,0.5791705937794533,1,1,1,1,0,0,2,0,1,0.38265493476769585,2,0,0.13259668508287292,0.5,0.27499999997609975
0.06060606060606061,0.5909626719056974,2,0,0.5,1,2,1,0,0,9,0.7238454288407163,2,1,0,1,0,0,2,1,0,0.5,2,1,0.0718232044198895,0.3216825351066374,0.07499999999521996
0.0,0.39803536345776036,0,0,0.5,1,2,0,0,0,3,0.6490732013823439,2,1,1,1,4,0,5,1,0,0.5,6,1,0.12154696132596686,0.5,0.10000000000000002
0.06060606060606061,0.7905697445972495,0,0,0.0,1,1,1,0,0,0,0.8583097706566134,3,0,0,1,0,0,2,1,0,1.0,2,0,0.11602209944751381,0.5,0.0
0.030303030303030304,0.5968565815324165,0,1,0.0,1,2,1,1,0,8,0.34338674206723224,2,1,1,1,0,0,2,1,0,0.5,2,0,0.15469613259668508,0.5,0.12500000000478007
0.0,0.39528487229862486,0,0,0.0,1,1,1,0,0,3,0.8030160226201697,2,1,0,1,4,0,5,1,0,0.5,6,1,0.08287292817679558,0.25,0.12500000000478007
0.0,0.5913555992141455,2,0,0.5,0,2,0,0,0,5,0.4612001256676092,2,1,0,1,0,0,2,0,0,1.0,2,0,0.07734806629834254,0.25,0.17500000001434018
0.0,0.5917485265225934,0,0,0.75,0,2,1,0,0,1,0.45884385799560173,0,2,0,1,0,0,2,0,0,1.0,2,0,0.08287292817679558,0.3234338565913783,0.20000000000000004
0.0,0.5952848722986248,0,1,0.0,0,2,0,1,0,5,0.3473138548539115,0,2,1,1,0,0,2,0,0,1.0,2,0,0.13259668508287292,0.5,0.15000000000956012
0.030303030303030304,0.5921414538310413,1,0,0.0,1,2,1,0,0,4,0.7103361608545398,6,1,1,0,0,0,2,1,0,0.5,2,0,0.08839779005524862,0.5,0.10000000000000002
0.0,0.5933202357563852,2,0,0.0,1,2,1,0,0,10,0.43653785736726364,2,0,0,1,0,0,2,1,0,1.0,2,1,0.10497237569060773,0.25,0.10000000000000002
0.06060606060606061,0.7917485265225934,0,0,0.5,1,2,1,0,0,3,0.5980207351555138,6,0,1,1,0,0,6,1,0,1.0,0,0,0.13259668508287292,0.5,0.15000000000956012
0.24242424242424243,0.7882907662082516,0,0,0.75,1,2,1,0,0,9,0.6974552309142319,2,1,0,1,0,0,2,1,0,0.5,2,1,0.08397790055248618,0.3460953065453461,0.22499999992829928
0.0,0.5968565815324165,0,0,1.0,1,0,1,0,0,0,0.8146402764687402,3,0,0,1,0,0,2,1,0,1.0,2,1,0.15469613259668508,0.4507641823377956,0.12500000000478007
0.0,0.5913555992141455,0,0,0.5,1,2,0,0,0,3,0.7715991203267358,2,1,0,1,0,0,2,1,0,1.0,2,1,0.07734806629834254,0.25,0.07499999999521996
0.09090909090909091,0.20432220039292734,2,1,0.5,0,2,1,0,0,5,0.38831291234684256,5,1,1,1,0,0,2,0,0,0.5909306129879992,2,0,0.1602209944751381,0.5,0.17500000001434018
0.09090909090909091,0.5913555992141455,1,0,0.0,1,1,1,0,0,4,0.876688658498272,3,0,1,1,4,0,5,1,0,0.5,6,1,0.07734806629834254,0.5,0.07499999999521996
0.21212121212121213,0.9886051080550098,0,0,0.25,1,2,1,0,0,9,0.4542884071630538,2,1,0,1,0,0,2,1,0,1.0,2,0,0.13812154696132595,0.75,0.15000000000956012
0.0,0.5893909626719057,2,0,0.5,0,2,0,1,0,1,0.30490103675777575,0,2,1,1,0,0,2,0,0,1.0,2,0,0.049723756906077346,0.3920017136544482,0.17500000001434018
0.02312812064647956,0.6705427132390807,0,1,0.6545965023332718,0,2,0,0,0,1,0.41912519154353695,0,2,0,1,0,0,2,0,0,1.0,2,0,0.13659784453040713,0.4994981711223481,0.12500000000478007
0.19606521317973785,0.7903646269074605,0,0,0.6543845021832093,1,2,1,0,0,8,0.6885034815113403,2,1,0,1,0,0,2,1,0,0.5,2,1,0.11313798607451295,0.40495800206937527,0.2058769003978485
0.0893846259824353,0.7907390894488286,0,0,0.745807721451697,1,2,1,0,0,10,0.7158500084190867,2,0,1,1,0,0,2,1,0,1.0,2,1,0.16472673891643466,0.5472382052771292,0.1724846328851981
0.014144330098423634,0.6855201520144306,0,0,0.383309276688005,1,2,1,0,0,3,0.6691169129628552,2,0,0,1,0,0,2,1,0,1.0,2,0,0.11197425553997711,0.366690723311995,0.17500000001434018
0.0,0.5966607032737101,0,0,0.07002979663183972,0,2,0,0,0,1,0.8398569222346971,0,1,0,1,0,0,2,0,0,1.0,2,0,0.15194193277122642,0.5,0.06750744916818952
0.020615379957205446,0.5922670697294351,1,0,0.0,1,2,1,0,0,4,0.5675642997494592,6,1,1,0,0,0,2,1,0,0.6598462307061101,2,0,0.09016404674813382,0.4200768846469449,0.08401537693244529
0.013651492483925545,0.6837916015657256,0,0,0.5,1,2,0,0,0,3,0.5936914842752536,2,0,0,1,0,0,2,1,0,1.0,2,1,0.13259668508287292,0.5,0.24616263092277
0.02990106178303435,0.7894780372680975,2,0,0.006632480579933264,1,0,1,0,0,6,0.39441040269435124,2,3,0,0,0,0,2,1,1,1.0,2,1,0.13731538910078156,0.49668375971003337,0.026326496120766704
0.0017514619489438568,0.4085524934468766,0,0,0.4855504389212132,1,2,1,0,0,8,0.70458773035559,2,1,1,1,0,0,2,1,0,0.5,2,0,0.10976228544048182,0.2644495610787868,0.14855504390140517
0.01323369036831699,0.678869551630167,0,0,0.28164410892276964,1,2,1,0,0,10,0.7026519938138931,3,0,0,1,0,0,2,1,0,1.0,2,1,0.10147578906930721,0.35917794553861515,0.15632882178455396
0.0,0.5984569420382321,0,0,0.5,0,2,0,0,0,0,0.6335005573430855,0,2,0,1,0,0,2,0,0,1.0,2,0,0.1771984391563559,0.5,0.2653645874402365
0.0019353032994199025,0.4034540760101343,2,0,0.9880253108348394,1,2,0,0,0,3,0.8451978902127287,5,1,0,0,4,0,5,0,0,0.5,6,0,0.10952691284849526,0.5285019476869162,0.14960084370397844
0.030303030303030304,0.5901474243754722,0,0,0.8845530871889256,1,2,1,0,0,9,0.6866531316445837,2,0,1,1,0,0,2,1,0,0.5,2,0,0.060360193566721176,0.35843992799307217,0.15000000000956012
0.0,0.39600423214371944,1,0,0.6897436334934971,1,2,0,0,0,4,0.4974931330215955,5,1,0,1,0,0,2,1,0,0.5,2,0,0.09298768400975632,0.4068425632329401,0.09397436334819761
0.0,0.5922463441747341,1,1,0.0,0,2,0,0,0,1,0.4209529622389345,6,2,1,0,0,0,2,0,0,1.0,2,0,0.08987262941822191,0.25,0.0500000000095601
0.040376569662888544,0.5921218140318614,0,0,0.5,1,1,1,0,0,7,0.5776756385401504,2,0,1,1,0,0,2,1,0,0.6950016711086895,2,0,0.0881216392877729,0.2708191687324269,0.058500501336335345
0.0,0.5933202357563852,0,0,0.5,0,2,0,0,0,4,0.7618880194272836,1,2,0,1,0,0,2,0,0,1.0,2,0,0.10497237569060773,0.25,0.25012457943745203
0.02626737174360183,0.3991618166080703,0,0,0.5,1,2,1,0,0,9,0.6644535743820477,2,1,0,1,4,0,5,1,0,0.503696024513869,6,1,0.13738576390905446,0.5,0.06733646536033731
0.0,0.516150800432134,0,0,0.6955303037866204,1,2,0,0,0,10,0.7604934121435354,3,0,0,1,0,0,2,1,0,0.8044696962133796,2,1,0.1001883474386817,0.4022348481066898,0.12500000000478007
0.0,0.4333368924477465,0,0,0.45444097805298445,1,2,0,0,0,3,0.6233380077094774,2,1,1,1,4,0,5,1,0,0.5911180438940311,6,1,0.11449915682587605,0.45444097805298445,0.10455590219557268
0.04999847493462342,0.5910672236663863,0,0,0.37768070515882624,1,2,1,0,0,7,0.39322458589266424,2,0,1,1,0,0,2,1,0,0.6223192948411738,2,0,0.07329328304393899,0.27578046363816516,0.006115964743228074
0.12193663268367537,0.7093126317751184,0,0,0.5,1,0,1,0,0,1,0.6683415380646327,3,0,0,1,0,0,2,1,0,0.7125779372456224,2,1,0.14794798405137363,0.5,0.11811330941661996
0.024001767791873067,0.553762643201815,2,0,0.6460291685659056,1,0,0,0,0,3,0.23789021446415815,3,0,0,1,0,0,2,1,0,0.5,2,1,0.12318651040173229,0.3597446550448418,0.13960291686416273
0.0,0.5897941444814382,0,0,0.25,0,1,0,0,0,5,0.4656503373887859,6,1,0,0,0,0,2,0,0,1.0,2,0,0.05539280500143679,0.25,0.0858074918017866
0.06250383590639749,0.7960588523191887,2,0,0.5,1,2,1,0,0,0,0.5016024135752418,3,0,0,1,0,0,2,1,0,1.0,2,0,0.10670239184837339,0.5,0.17421716770280155
0.005515806501542677,0.6238717509330711,0,1,0.7105711936487497,0,2,0,0,0,1,0.5047896799704654,0,2,0,1,0,0,2,0,0,1.0,1,0,0.09887289183516568,0.49931647414928726,0.105285596828401
0.013628913132417141,0.48733757024963464,0,0,0.5,1,2,0,0,0,4,0.8278409017096575,2,1,0,1,0,0,2,1,0,0.5,2,0,0.13479032928418336,0.3624385333424414,0.06375614666742535
0.018328780727217747,0.7151046272436343,1,0,0.4012124409995464,0,0,0,0,0,6,0.4212068229326768,1,3,1,1,0,0,2,0,1,1.0,2,0,0.14649941622075388,0.4012124409995464,0.3157274646147635
0.0,0.3807030986607702,2,0,0.4633294328968971,1,2,1,0,0,3,0.4426056520274643,2,1,1,0,0,0,2,1,0,0.4633294328968971,2,0,0.08044173035780533,0.25,0.19083235822387373
0.0,0.39574924007370116,1,0,0.18181799896410522,1,1,0,0,0,4,0.6584984073008155,6,1,0,1,4,0,4,1,0,0.5,5,0,0.08940229827386333,0.25,0.09545460030989936
0.10203927745366131,0.45927793039677095,0,0,0.6632703844029177,1,2,1,0,0,7,0.6876272225834174,3,0,0,1,0,0,2,1,0,0.737454188231887,2,1,0.0806184997616806,0.6683648077985411,0.14183648078785335
0.0,0.3127412286627716,0,0,0.3926109936013499,1,2,0,0,0,8,0.5442449547341289,2,0,1,0,0,0,2,1,0,0.2852219872026997,2,1,0.10886430797819885,0.3926109936013499,0.3068720929246902
0.0,0.5942206992692973,0,0,0.7604171300129119,1,0,1,0,0,0,0.7544999330443973,3,0,0,1,0,0,2,1,0,1.0,2,0,0.11763358917326813,0.3545648643475953,0.12500000000478007
0.0,0.5905697445972495,0,0,0.00970699391266272,0,0,0,0,0,6,0.5022449841456758,1,3,0,0,0,0,2,0,1,1.0,2,0,0.06629834254143646,0.25,0.08082419634021917
0.014133286483804422,0.5924122073467019,0,0,0.5,1,2,1,0,0,3,0.6525847067834949,2,1,0,1,0,0,2,1,0,0.9222669243390758,2,0,0.09220479390804587,0.2653114176774593,0.16722669244676147
0.07179158164185923,0.19781994576914455,2,0,0.37366005506869043,1,2,1,0,0,4,0.38105887787319165,6,1,1,0,0,0,3,0,0,0.5829477210800706,1,0,0.09767376415000356,0.39392651379598026,0.0373660055140135
0.15392073529630787,0.9899461371492924,2,0,0.5,1,1,1,0,0,9,0.6361485564670355,2,1,0,1,4,0,5,1,0,1.0,6,1,0.15697745328701013,0.6349230330972699,0.1595230900733988
0.0,0.5139762641089332,0,0,0.2066244171680759,1,2,0,0,0,8,0.8281734179515373,3,0,1,1,4,0,5,1,0,0.7933755828319241,6,0,0.13090612886912037,0.39668779141596205,0.04566244171763694
0.0,0.4017180142899533,0,0,0.4913138268160345,0,1,0,1,0,4,0.3699722294767752,6,2,0,1,0,0,2,0,0,0.517372346367931,2,0,0.07734806629834254,0.25,0.22065691333880774
0.0,0.5943446107063602,0,0,0.44648287615665766,1,2,1,0,0,9,0.5830940300084144,3,0,0,1,0,0,2,1,0,1.0,2,1,0.1193758798214734,0.2649740187336248,0.10535171238535751
